-- MySQL dump 10.17  Distrib 10.3.16-MariaDB, for Win64 (AMD64)
--
-- Host: localhost    Database: pruebasbd
-- ------------------------------------------------------
-- Server version	10.3.16-MariaDB

/*!40101 SET @OLD_CHARACTER_SET_CLIENT=@@CHARACTER_SET_CLIENT */;
/*!40101 SET @OLD_CHARACTER_SET_RESULTS=@@CHARACTER_SET_RESULTS */;
/*!40101 SET @OLD_COLLATION_CONNECTION=@@COLLATION_CONNECTION */;
/*!40101 SET NAMES utf8mb4 */;
/*!40103 SET @OLD_TIME_ZONE=@@TIME_ZONE */;
/*!40103 SET TIME_ZONE='+00:00' */;
/*!40014 SET @OLD_UNIQUE_CHECKS=@@UNIQUE_CHECKS, UNIQUE_CHECKS=0 */;
/*!40014 SET @OLD_FOREIGN_KEY_CHECKS=@@FOREIGN_KEY_CHECKS, FOREIGN_KEY_CHECKS=0 */;
/*!40101 SET @OLD_SQL_MODE=@@SQL_MODE, SQL_MODE='NO_AUTO_VALUE_ON_ZERO' */;
/*!40111 SET @OLD_SQL_NOTES=@@SQL_NOTES, SQL_NOTES=0 */;

--
-- Table structure for table `autores`
--

DROP TABLE IF EXISTS `autores`;
/*!40101 SET @saved_cs_client     = @@character_set_client */;
/*!40101 SET character_set_client = utf8 */;
CREATE TABLE `autores` (
  `id_autor` char(4) NOT NULL,
  `nombre` varchar(25) NOT NULL,
  `apellido_paterno` varchar(20) NOT NULL,
  `apellido_materno` varchar(20) NOT NULL,
  PRIMARY KEY (`id_autor`)
) ENGINE=InnoDB DEFAULT CHARSET=utf8;
/*!40101 SET character_set_client = @saved_cs_client */;

--
-- Dumping data for table `autores`
--

LOCK TABLES `autores` WRITE;
/*!40000 ALTER TABLE `autores` DISABLE KEYS */;
INSERT INTO `autores` VALUES ('AAP','Ángel','Alvarez','Prieto'),('AAS','Anne','Alberro','Semerena'),('AAW','Antoni A.','Wawrzyñzyk',''),('ACM','Alejandro','Casares','Maldonado'),('AD','Albrecht','Dold',''),('ADB','Alejandro','Díaz-Barriga',''),('AF','Alistair','Fitt',''),('AFC','Andrés','Fraguela','Collar'),('AGM','Adalberto','García','Máynez'),('AGR','Alberto G.','Raggi',''),('AGZ','Alexis','García','Zamora'),('AH','Audum','Holme',''),('AHV','Adrían','Hernández ','del Valle'),('AIM','Alejandro','Illanes','Mejía'),('AIRG','Ana Irene','Ramírez-Galarza',''),('AMC','Alexander M.','Chebotarev',''),('AMCH','Ángel Manuel','Carrillo','Hoyo'),('AN','Alfredo','Nicolás',''),('AO','Arturo','Olvera',''),('AP','A.','Pérez',''),('ARA','A.','Rocha','Arteaga'),('AS','Ángel','Soriano',''),('ASB','Andrés','Sestier','Bouclier'),('ASV','Adolfo','Sánchez','Valenzuela'),('ATM','Ángel','Tamariz','Mascarúa'),('AV','Arturo','Vargas',''),('AW','Anton','Wakolbinger',''),('AWP','Alan W.','Pollack',''),('BB','Bernd','Bank',''),('BF','Begoña','Fernández',''),('BJM','Bruno J.','Mueller',''),('BMAL','Bernardo M.','Ábrego','Lerma'),('BR','Beatriz','Rumbos',''),('CBG','Carlos','Bosch','Giral'),('CC','Claude','Cibils',''),('CD','Claudia','Durán',''),('CHG','Carlos','Hernández','Garciadiego'),('CJRB','Carlos Jacob','Rubio','Barrios'),('CNJ','Cecilia','Neve','Jiménez'),('CP','Carlos','Prieto',''),('CR','Carlos','Rentería',''),('CRV','Carlos R.','Videla',''),('CS','Carlos','Signoret',''),('CSS','Carlos','Sancho','de Salas'),('CT','Constantin','Tudor',''),('CTJD','Christopher T. J.','Dodson',''),('CV','Cristóbal','Vargas',''),('CVB','Carlos','Villegas','Blas'),('DAA','Diana','Avella','Alaminos'),('DBH','Diego','Bricio','Hernández'),('DC','Dominique','Cerveau','Prieto'),('DH','Daniel','Hernández',''),('DHF','Diederich','Hinrichsen','Fachbereich'),('DTL','Dũng Tráng','Lê',''),('EA','Elvio','Accinelli',''),('ECSV','Edith Corina','Sáenz','Valadez'),('EFB','Emiliano','Fernández','Bermejo'),('EO','Elena','de Oteyza',''),('EPB','Eugenio P.','Balanzario',''),('EPC','Ernesto','Pérez','Chavela'),('ERG','Ernesto','Rosales','González'),('ERR','Eliane R.','Rodrigues',''),('EV','Ernesto','Vallejo',''),('FA','Francisco','Aranda',''),('FAM','Fernando','Ávila','Murillo'),('FAOL','Fausto Antonio','Ongay','Larios'),('FC','Felipe','Cano',''),('FCS','Fidel','Casarrubias','Segura'),('FHH','Fernando','Hernández','Hernández'),('FL','Florian','Luca',''),('FLJ','Francis','Leon','Jones'),('FLR','Francisco','Larrión','Riveroll'),('FMHA','Fabián Mario','Hernández','Arellano'),('FO','Federico','O\'Reilly',''),('FrL','Frank','Loray',''),('FSB','Federico','Sánchez','Bringas'),('FSG','Faustino','Sánchez','Garduño'),('FT','Francisco','Tomás',''),('FZ','Felipe','Zaldívar',''),('GC','Gonzalo','Contreras',''),('GCA','Gabriela','Campero','Arena'),('GK','George','Kempf',''),('GS','Guillermo','Sienra',''),('GUB','Gerónimo','Uribe','Bravo'),('GV','G.','Valencia',''),('GVS','Gabriel','Villa','Salvador'),('GZ','Gonzalo','Zubieta',''),('HA','Hugo','Arizmendi',''),('HM','Héctor','Méndez',''),('HO','Hilary','Ockendon',''),('HoH','Horst','Herrlich',''),('HRM','Hugo','Rincón','Mejía'),('HSM','Héctor','Sánchez','Morgado'),('HT','Horacio','Tapia',''),('HTJ','Hubertus Th.','Jongen',''),('HuH','Hugo','Hadwiger',''),('HWE','Heinz W.','Engl',''),('IG','Isidoro','Gitler',''),('IWL','I. W.','Lewis',''),('JABF','Jorge Agustín','Bustamante','Fernández'),('JAFD','José Antonio','Flores','Díaz'),('JAGO','José Antonio','Gómez','Ortega'),('JALM','J. Alfredo','López','Mimbela'),('JALV','Jorge Alberto','León ','Vázquez'),('JAP','Javier','Alfaro','Pastor'),('JAPM','José Antonio','de la Peña','Mena'),('JAS','José Antonio','Seade',''),('JASK','José Antonio ','Seade','Kuri'),('JB','Javier','Bracho',''),('JCLV','Juan Carlos','López','Velarde'),('JD','Joaquín','Delgado',''),('JDS','James D.','Stasheff',''),('JEFL','J. Enrique','Figueroa','López'),('JFR','Javier F.','Rosenblueth',''),('JG','Jurgen','Guddat',''),('JGEB','Jesús','González','Espino-Barros'),('JI','Jorge','Ize',''),('JJR','J. J.','Ruckmann',''),('JLFM','José Luis','Fernández','Muñiz'),('JLGS','José Luis','Gutiérrez','Sánchez'),('JLMP','Jose Luis','Morales','Pérez'),('JMB','José ','Martínez','Bernal'),('JMGB','José María ','González','Barrios'),('JMMP','José María','Muñoz','Porras'),('JMR','Jesús','Muciño','Raymundo'),('JO','Joaquín','Olivares',''),('JOCA','José Omegar','Calvo','Andrade'),('JPB','Jean-Paul','Brasselet',''),('JR','Joel','Roberts',''),('JS','Jawad','Snoussi',''),('JVM','J.','Villa','Morales'),('JW','Josef','Waschbusch',''),('JWM','John W.','Milnor',''),('KS','K.','Sato',''),('LAR','Luis Antonio','Rincón',''),('LBP','Leticia','Brambila','Paz'),('LFR','Lino Feliciano','Reséndis',''),('LGG','Luis G.','Gorostiza',''),('LHL','Luis','Hernández','Lamoneda'),('LHS','Laura','Hidalgo','Solís'),('LM','Luis','Montejano',''),('LMGV','Luis Miguel','García','Velázquez'),('LMRS','Lilia María','del Riego','Senior'),('LMT','Luis Manuel','Tovar',''),('LMV','Luis M.','Villegas',''),('LOB','Laura','Ortiz','Bobadilla'),('LR','Luis','Ribes',''),('LRO','Laura','Rosales','Ortiz'),('LS','Leonardo','Salmerón',''),('LV','Luis','Verde',''),('MAA','Marcelo A.','Aguilar',''),('MAJ','Miguel A.','Jiménez',''),('MaS','Mark','Spivakovsky',''),('MC','Mónica','Clapp',''),('MCHA','María del Carmen','Hernández','Ayuso'),('MCL','Manuel','Cruz','López'),('MCT','Mario','Cruz','Terán'),('MEC','María','Emilia','Caballero'),('MEM','Mario','Eudave','Muñoz'),('MGC','Montserrat','García','Campos'),('MIC','Manuel','Ibarra','Contreras'),('MJSS','María José','Souto','Salorio'),('ML','Miguel','Lara',''),('MLO','Michael L.','Overton',''),('MLPS','María Luisa','Pérez-Seguí',''),('MM','Manuel','Medoza',''),('MN','Max','Neumann',''),('MO','Mutsuo','Oka',''),('MPAR','María del Pilar','Alonso','Reyes'),('MR','Martha','Rzedowski',''),('MRP','Miguel','Raggi','Pérez'),('MS','Michael','Shapiro',''),('MT','M.','Todorov',''),('OHL','Onésimo','Hernández-Lerma',''),('OMH','Octavio','Mendoza','Hernández'),('OPV','Óscar','Palmas','Velasco'),('PaS','Pantelimon','Stanica',''),('PB','Pablo','Barrera',''),('PLA','Pedro Luis','del Ángel',''),('PP','Pablo','Padilla',''),('PS','Pablo','Soberón','Bravo'),('RBM','Radmila','Bulajich','Manfrino'),('RE','Raúl','Escobedo',''),('RGIA','Renato Gabriel','Iturriaga','Acevedo'),('RHV','Rafael H.','Villarreal',''),('RJB','Rolando','Jiménez','B.'),('RMO','Raúl','Montes de Oca',''),('RMV','Roberto','Martínez','Villa'),('RPM','Roberto','Pichardo','Mendoza'),('RQ','Roberto','Quezada',''),('RQB','Raúl','Quiroga','Barranco'),('RR','Rubí','Rodríguez',''),('RRC','Rafael','del Río','Castillo'),('RVD','Rogelio','Valdez','Delgado'),('RVP','Rita','Vázquez','Padilla'),('SBN','Sam B.','Nadler',''),('SCR','Silvestre','Cárdenas','Rubio'),('SG','Samuel','Gitler',''),('SMA','Sergio','Macías','Alvarez'),('SNU','Sylvia','de Neymet','U.'),('SPE','Salvador','Pérez','Esteva'),('SR','Sevín','Recillas',''),('SXD','S. ','Xambó','Descamps'),('TB','Tomasz','Bojdecki',''),('TM','Teruhisa','Matsusaka',''),('VEC','Vladimir','Estivill','Castro'),('VG','Victor','Guillemin',''),('VH','Victoria','Hernández',''),('VMR','Víctor M.','Rivero',''),('VPA','Víctor','Pérez','Abreu'),('WR','Werner','Romisch',''),('WTI','W. T.','Ingram',''),('WYV','William Y.','Vélez',''),('WZ','Wieslaw','Zelazko',''),('XGM','Xavier','Gómez-Mont','Ávalos');
/*!40000 ALTER TABLE `autores` ENABLE KEYS */;
UNLOCK TABLES;

--
-- Table structure for table `autores_aux`
--

DROP TABLE IF EXISTS `autores_aux`;
/*!40101 SET @saved_cs_client     = @@character_set_client */;
/*!40101 SET character_set_client = utf8 */;
CREATE TABLE `autores_aux` (
  `id_autores` int(11) NOT NULL AUTO_INCREMENT,
  `nombre` varchar(25) CHARACTER SET utf8 NOT NULL,
  `apellido_paterno` varchar(20) CHARACTER SET utf8 NOT NULL,
  `apellido_materno` varchar(20) CHARACTER SET utf8 NOT NULL,
  PRIMARY KEY (`id_autores`)
) ENGINE=InnoDB AUTO_INCREMENT=226 DEFAULT CHARSET=latin1;
/*!40101 SET character_set_client = @saved_cs_client */;

--
-- Dumping data for table `autores_aux`
--

LOCK TABLES `autores_aux` WRITE;
/*!40000 ALTER TABLE `autores_aux` DISABLE KEYS */;
INSERT INTO `autores_aux` VALUES (1,'Ángel','Alvarez','Prieto'),(2,'Anne','Alberro','Semerena'),(3,'Antoni A.','Wawrzyñzyk',''),(4,'Alejandro','Casares','Maldonado'),(5,'Albrecht','Dold',''),(6,'Alejandro','Díaz-Barriga',''),(7,'Alistair','Fitt',''),(8,'Andrés','Fraguela','Collar'),(9,'Adalberto','García','Máynez'),(10,'Alberto G.','Raggi',''),(11,'Alexis','García','Zamora'),(12,'Audum','Holme',''),(13,'Adrían','Hernández ','del Valle'),(14,'Alejandro','Illanes','Mejía'),(15,'Ana Irene','Ramírez-Galarza',''),(16,'Alexander M.','Chebotarev',''),(17,'Ángel Manuel','Carrillo','Hoyo'),(18,'Alfredo','Nicolás',''),(19,'Arturo','Olvera',''),(20,'A.','Pérez',''),(21,'A.','Rocha','Arteaga'),(22,'Ángel','Soriano',''),(23,'Andrés','Sestier','Bouclier'),(24,'Adolfo','Sánchez','Valenzuela'),(25,'Ángel','Tamariz','Mascarúa'),(26,'Arturo','Vargas',''),(27,'Anton','Wakolbinger',''),(28,'Alan W.','Pollack',''),(29,'Bernd','Bank',''),(30,'Begoña','Fernández',''),(31,'Bruno J.','Mueller',''),(32,'Bernardo M.','Ábrego','Lerma'),(33,'Beatriz','Rumbos',''),(34,'Carlos','Bosch','Giral'),(35,'Claude','Cibils',''),(36,'Claudia','Durán',''),(37,'Carlos','Hernández','Garciadiego'),(38,'Carlos Jacob','Rubio','Barrios'),(39,'Cecilia','Neve','Jiménez'),(40,'Carlos','Prieto',''),(41,'Carlos','Rentería',''),(42,'Carlos R.','Videla',''),(43,'Carlos','Signoret',''),(44,'Carlos','Sancho','de Salas'),(45,'Constantin','Tudor',''),(46,'Christopher T. J.','Dodson',''),(47,'Cristóbal','Vargas',''),(48,'Carlos','Villegas','Blas'),(49,'Diana','Avella','Alaminos'),(50,'Diego','Bricio','Hernández'),(51,'Dominique','Cerveau','Prieto'),(52,'Daniel','Hernández',''),(53,'Diederich','Hinrichsen','Fachbereich'),(54,'Dũng Tráng','Lê',''),(55,'Elvio','Accinelli',''),(56,'Edith Corina','Sáenz','Valadez'),(57,'Emiliano','Fernández','Bermejo'),(58,'Elena','de Oteyza',''),(59,'Eugenio P.','Balanzario',''),(60,'Ernesto','Pérez','Chavela'),(61,'Ernesto','Rosales','González'),(62,'Eliane R.','Rodrigues',''),(63,'Ernesto','Vallejo',''),(64,'Francisco','Aranda',''),(65,'Fernando','Ávila','Murillo'),(66,'Fausto Antonio','Ongay','Larios'),(67,'Felipe','Cano',''),(68,'Fidel','Casarrubias','Segura'),(69,'Fernando','Hernández','Hernández'),(70,'Florian','Luca',''),(71,'Francis','Leon','Jones'),(72,'Francisco','Larrión','Riveroll'),(73,'Fabián Mario','Hernández','Arellano'),(74,'Federico','O\'Reilly',''),(75,'Frank','Loray',''),(76,'Federico','Sánchez','Bringas'),(77,'Faustino','Sánchez','Garduño'),(78,'Francisco','Tomás',''),(79,'Felipe','Zaldívar',''),(80,'Gonzalo','Contreras',''),(81,'Gabriela','Campero','Arena'),(82,'George','Kempf',''),(83,'Guillermo','Sienra',''),(84,'Gerónimo','Uribe','Bravo'),(85,'G.','Valencia',''),(86,'Gabriel','Villa','Salvador'),(87,'Gonzalo','Zubieta',''),(88,'Hugo','Arizmendi',''),(89,'Héctor','Méndez',''),(90,'Hilary','Ockendon',''),(91,'Horst','Herrlich',''),(92,'Hugo','Rincón','Mejía'),(93,'Héctor','Sánchez','Morgado'),(94,'Horacio','Tapia',''),(95,'Hubertus Th.','Jongen',''),(96,'Hugo','Hadwiger',''),(97,'Heinz W.','Engl',''),(98,'Isidoro','Gitler',''),(99,'I. W.','Lewis',''),(100,'Jorge Agustín','Bustamante','Fernández'),(101,'José Antonio','Flores','Díaz'),(102,'José Antonio','Gómez','Ortega'),(103,'J. Alfredo','López','Mimbela'),(104,'Jorge Alberto','León ','Vázquez'),(105,'Javier','Alfaro','Pastor'),(106,'José Antonio','de la Peña','Mena'),(107,'José Antonio','Seade',''),(108,'José Antonio ','Seade','Kuri'),(109,'Javier','Bracho',''),(110,'Juan Carlos','López','Velarde'),(111,'Joaquín','Delgado',''),(112,'James D.','Stasheff',''),(113,'J. Enrique','Figueroa','López'),(114,'Javier F.','Rosenblueth',''),(115,'Jurgen','Guddat',''),(116,'Jesús','González','Espino-Barros'),(117,'Jorge','Ize',''),(118,'J. J.','Ruckmann',''),(119,'José Luis','Fernández','Muñiz'),(120,'José Luis','Gutiérrez','Sánchez'),(121,'Jose Luis','Morales','Pérez'),(122,'José ','Martínez','Bernal'),(123,'José María ','González','Barrios'),(124,'José María','Muñoz','Porras'),(125,'Jesús','Muciño','Raymundo'),(126,'Joaquín','Olivares',''),(127,'José Omegar','Calvo','Andrade'),(128,'Jean-Paul','Brasselet',''),(129,'Joel','Roberts',''),(130,'Jawad','Snoussi',''),(131,'J.','Villa','Morales'),(132,'Josef','Waschbusch',''),(133,'John W.','Milnor',''),(134,'K.','Sato',''),(135,'Luis Antonio','Rincón',''),(136,'Leticia','Brambila','Paz'),(137,'Lino Feliciano','Reséndis',''),(138,'Luis G.','Gorostiza',''),(139,'Luis','Hernández','Lamoneda'),(140,'Laura','Hidalgo','Solís'),(141,'Luis','Montejano',''),(142,'Luis Miguel','García','Velázquez'),(143,'Lilia María','del Riego','Senior'),(144,'Luis Manuel','Tovar',''),(145,'Luis M.','Villegas',''),(146,'Laura','Ortiz','Bobadilla'),(147,'Luis','Ribes',''),(148,'Laura','Rosales','Ortiz'),(149,'Leonardo','Salmerón',''),(150,'Luis','Verde',''),(151,'Marcelo A.','Aguilar',''),(152,'Miguel A.','Jiménez',''),(153,'Mark','Spivakovsky',''),(154,'Mónica','Clapp',''),(155,'María del Carmen','Hernández','Ayuso'),(156,'Manuel','Cruz','López'),(157,'Mario','Cruz','Terán'),(158,'María','Emilia','Caballero'),(159,'Mario','Eudave','Muñoz'),(160,'Montserrat','García','Campos'),(161,'Manuel','Ibarra','Contreras'),(162,'María José','Souto','Salorio'),(163,'Miguel','Lara',''),(164,'Michael L.','Overton',''),(165,'María Luisa','Pérez-Seguí',''),(166,'Manuel','Medoza',''),(167,'Max','Neumann',''),(168,'Mutsuo','Oka',''),(169,'María del Pilar','Alonso','Reyes'),(170,'Martha','Rzedowski',''),(171,'Miguel','Raggi','Pérez'),(172,'Michael','Shapiro',''),(173,'M.','Todorov',''),(174,'Onésimo','Hernández-Lerma',''),(175,'Octavio','Mendoza','Hernández'),(176,'Óscar','Palmas','Velasco'),(177,'Pantelimon','Stanica',''),(178,'Pablo','Barrera',''),(179,'Pedro Luis','del Ángel',''),(180,'Pablo','Padilla',''),(181,'Pablo','Soberón','Bravo'),(182,'Radmila','Bulajich','Manfrino'),(183,'Raúl','Escobedo',''),(184,'Renato Gabriel','Iturriaga','Acevedo'),(185,'Rafael H.','Villarreal',''),(186,'Rolando','Jiménez','B.'),(187,'Raúl','Montes de Oca',''),(188,'Roberto','Martínez','Villa'),(189,'Roberto','Pichardo','Mendoza'),(190,'Roberto','Quezada',''),(191,'Raúl','Quiroga','Barranco'),(192,'Rubí','Rodríguez',''),(193,'Rafael','del Río','Castillo'),(194,'Rogelio','Valdez','Delgado'),(195,'Rita','Vázquez','Padilla'),(196,'Sam B.','Nadler',''),(197,'Silvestre','Cárdenas','Rubio'),(198,'Samuel','Gitler',''),(199,'Sergio','Macías','Alvarez'),(200,'Sylvia','de Neymet','U.'),(201,'Salvador','Pérez','Esteva'),(202,'Sevín','Recillas',''),(203,'S. ','Xambó','Descamps'),(204,'Tomasz','Bojdecki',''),(205,'Teruhisa','Matsusaka',''),(206,'Vladimir','Estivill','Castro'),(207,'Victor','Guillemin',''),(208,'Victoria','Hernández',''),(209,'Víctor M.','Rivero',''),(210,'Víctor','Pérez','Abreu'),(211,'Werner','Romisch',''),(212,'W. T.','Ingram',''),(213,'William Y.','Vélez',''),(214,'Wieslaw','Zelazko',''),(215,'Xavier','Gómez-Mont','Ávalos');
/*!40000 ALTER TABLE `autores_aux` ENABLE KEYS */;
UNLOCK TABLES;

--
-- Table structure for table `inventario`
--

DROP TABLE IF EXISTS `inventario`;
/*!40101 SET @saved_cs_client     = @@character_set_client */;
/*!40101 SET character_set_client = utf8 */;
CREATE TABLE `inventario` (
  `id_libro` char(6) NOT NULL,
  `existencia_previa` int(4) NOT NULL,
  `remision_entrada` int(4) NOT NULL,
  `devolucion_entrada` int(4) NOT NULL,
  `venta_salida` int(4) NOT NULL,
  `consignacion_salida` int(4) NOT NULL,
  `donacion_salida` int(4) NOT NULL,
  `regalias_salida` int(4) NOT NULL,
  `dep_legal_salida` int(4) NOT NULL,
  `mermas_salida` int(4) NOT NULL,
  `existencia` int(4) NOT NULL,
  `venta_en_linea` tinyint(1) NOT NULL,
  `vinculo` text NOT NULL,
  PRIMARY KEY (`id_libro`)
) ENGINE=InnoDB DEFAULT CHARSET=utf8;
/*!40101 SET character_set_client = @saved_cs_client */;

--
-- Dumping data for table `inventario`
--

LOCK TABLES `inventario` WRITE;
/*!40000 ALTER TABLE `inventario` DISABLE KEYS */;
INSERT INTO `inventario` VALUES ('A_C_01',0,0,0,0,0,0,0,0,0,0,0,''),('A_C_02',0,0,0,0,0,0,0,0,0,0,0,''),('A_C_03',0,0,0,0,0,0,0,0,0,0,0,''),('A_C_04',0,0,0,0,0,0,0,0,0,0,0,''),('A_C_05',0,0,0,0,0,0,0,0,0,0,0,''),('A_C_06',0,0,0,0,0,0,0,0,0,0,0,''),('A_C_07',0,0,0,0,0,0,0,0,0,0,0,''),('A_C_08',0,0,0,0,0,0,0,0,0,0,0,''),('A_C_09',0,0,0,0,0,0,0,0,0,0,0,''),('A_C_10',0,0,0,0,0,0,0,0,0,0,0,''),('A_C_11',0,0,0,0,0,0,0,0,0,0,0,''),('A_C_12',0,0,0,0,0,0,0,0,0,0,0,''),('A_C_13',0,0,0,0,0,0,0,0,0,0,0,''),('A_C_14',0,0,0,0,0,0,0,0,0,0,0,''),('A_C_15',0,0,0,0,0,0,0,0,0,0,0,''),('A_C_16',0,0,0,0,0,0,0,0,0,0,0,''),('A_C_17',0,0,0,0,0,0,0,0,0,0,0,''),('A_C_18',0,0,0,0,0,0,0,0,0,0,0,''),('A_C_19',0,0,0,0,0,0,0,0,0,0,0,''),('A_C_20',0,0,0,0,0,0,0,0,0,0,0,''),('A_C_21',0,0,0,0,0,0,0,0,0,0,0,''),('A_C_22',0,0,0,0,0,0,0,0,0,0,0,''),('A_C_23',0,0,0,0,0,0,0,0,0,0,0,''),('A_C_24',0,0,0,0,0,0,0,0,0,0,0,''),('A_C_25',0,0,0,0,0,0,0,0,0,0,0,''),('A_C_26',0,0,0,0,0,0,0,0,0,0,0,''),('A_C_27',0,0,0,0,0,0,0,0,0,0,0,''),('A_C_28',0,0,0,0,0,0,0,0,0,0,0,''),('A_C_29',0,0,0,0,0,0,0,0,0,0,0,''),('A_C_30',0,0,0,0,0,0,0,0,0,0,0,''),('A_C_31',0,0,0,0,0,0,0,0,0,0,0,''),('A_C_32',0,0,0,0,0,0,0,0,0,0,0,''),('A_C_33',0,0,0,0,0,0,0,0,0,0,0,''),('A_C_34',0,0,0,0,0,0,0,0,0,0,0,''),('A_C_35',0,0,0,0,0,0,0,0,0,0,0,''),('A_C_36',0,0,0,0,0,0,0,0,0,0,0,''),('A_C_37',0,0,0,0,0,0,0,0,0,0,0,''),('A_C_38',0,0,0,0,0,0,0,0,0,0,0,''),('A_C_39',0,0,0,0,0,0,0,0,0,0,0,''),('A_C_40',0,0,0,0,0,0,0,0,0,0,0,''),('A_C_41',0,0,0,0,0,0,0,0,0,0,0,''),('A_C_42',0,0,0,0,0,0,0,0,0,0,0,''),('A_C_43',0,0,0,0,0,0,0,0,0,0,0,''),('A_C_44',0,0,0,0,0,0,0,0,0,0,0,''),('A_C_45',0,0,0,0,0,0,0,0,0,0,0,''),('A_C_46',0,0,0,0,0,0,0,0,0,0,0,''),('A_C_47',0,0,0,0,0,0,0,0,0,0,0,''),('A_C_48',0,0,0,0,0,0,0,0,0,0,0,''),('A_I_01',0,0,0,0,0,0,0,0,0,0,0,''),('A_I_02',0,0,0,0,0,0,0,0,0,0,0,''),('A_I_03',0,0,0,0,0,0,0,0,0,0,0,''),('A_I_04',0,0,0,0,0,0,0,0,0,0,0,''),('A_I_05',0,0,0,0,0,0,0,0,0,0,0,''),('A_I_06',0,0,0,0,0,0,0,0,0,0,0,''),('A_I_07',0,0,0,0,0,0,0,0,0,0,0,''),('A_I_08',0,0,0,0,0,0,0,0,0,0,0,''),('A_I_09',0,0,0,0,0,0,0,0,0,0,0,''),('A_I_10',0,0,0,0,0,0,0,0,0,0,0,''),('A_I_11',0,0,0,0,0,0,0,0,0,0,0,''),('A_I_12',0,0,0,0,0,0,0,0,0,0,0,''),('A_I_13',0,0,0,0,0,0,0,0,0,0,0,''),('A_I_14',0,0,0,0,0,0,0,0,0,0,0,''),('A_I_15',0,0,0,0,0,0,0,0,0,0,0,''),('A_I_16',0,0,0,0,0,0,0,0,0,0,0,''),('A_I_17',0,0,0,0,0,0,0,0,0,0,0,''),('A_I_18',0,0,0,0,0,0,0,0,0,0,0,''),('A_I_19',0,0,0,0,0,0,0,0,0,0,0,''),('A_I_20',0,0,0,0,0,0,0,0,0,0,0,''),('A_T_01',0,0,0,0,0,0,0,0,0,0,0,''),('A_T_02',0,0,0,0,0,0,0,0,0,0,0,''),('A_T_03',0,0,0,0,0,0,0,0,0,0,0,''),('A_T_04',0,0,0,0,0,0,0,0,0,0,0,''),('A_T_05',0,0,0,0,0,0,0,0,0,0,0,''),('A_T_06',0,0,0,0,0,0,0,0,0,0,0,''),('A_T_07',0,0,0,0,0,0,0,0,0,0,0,''),('A_T_08',0,0,0,0,0,0,0,0,0,0,0,''),('A_T_09',0,0,0,0,0,0,0,0,0,0,0,''),('A_T_10',0,0,0,0,0,0,0,0,0,0,0,''),('A_T_11',0,0,0,0,0,0,0,0,0,0,0,''),('A_T_12',0,0,0,0,0,0,0,0,0,0,0,''),('A_T_13',0,0,0,0,0,0,0,0,0,0,0,''),('A_T_14',0,0,0,0,0,0,0,0,0,0,0,''),('A_T_15',0,0,0,0,0,0,0,0,0,0,0,''),('A_T_16',0,0,0,0,0,0,0,0,0,0,0,''),('A_T_17',0,0,0,0,0,0,0,0,0,0,0,''),('A_T_18',0,0,0,0,0,0,0,0,0,0,0,''),('A_T_19',0,0,0,0,0,0,0,0,0,0,0,''),('A_T_20',0,0,0,0,0,0,0,0,0,0,0,''),('A_T_21',0,0,0,0,0,0,0,0,0,0,0,''),('A_T_22',0,0,0,0,0,0,0,0,0,0,0,''),('A_T_23',0,0,0,0,0,0,0,0,0,0,0,''),('A_T_24',0,0,0,0,0,0,0,0,0,0,0,''),('A_T_25',0,0,0,0,0,0,0,0,0,0,0,''),('A_T_26',0,0,0,0,0,0,0,0,0,0,0,''),('A_T_27',0,0,0,0,0,0,0,0,0,0,0,''),('A_T_28',0,0,0,0,0,0,0,0,0,0,0,''),('A_T_29',0,0,0,0,0,0,0,0,0,0,0,''),('A_T_30',0,0,0,0,0,0,0,0,0,0,0,''),('A_T_31',0,0,0,0,0,0,0,0,0,0,0,''),('A_T_32',0,0,0,0,0,0,0,0,0,0,0,''),('A_T_33',0,0,0,0,0,0,0,0,0,0,0,''),('A_T_34',0,0,0,0,0,0,0,0,0,0,0,''),('A_T_35',0,0,0,0,0,0,0,0,0,0,0,''),('A_T_36',0,0,0,0,0,0,0,0,0,0,0,''),('A_T_37',0,0,0,0,0,0,0,0,0,0,0,''),('A_T_38',0,0,0,0,0,0,0,0,0,0,0,''),('A_T_39',0,0,0,0,0,0,0,0,0,0,0,''),('C_O_01',0,0,0,0,0,0,0,0,0,0,0,''),('C_O_02',0,0,0,0,0,0,0,0,0,0,0,''),('C_O_03',0,0,0,0,0,0,0,0,0,0,0,''),('C_O_04',0,0,0,0,0,0,0,0,0,0,0,''),('C_O_05',0,0,0,0,0,0,0,0,0,0,0,''),('C_O_06',0,0,0,0,0,0,0,0,0,0,0,''),('C_O_07',0,0,0,0,0,0,0,0,0,0,0,''),('C_O_08',0,0,0,0,0,0,0,0,0,0,0,''),('C_O_09',0,0,0,0,0,0,0,0,0,0,0,''),('C_O_10',0,0,0,0,0,0,0,0,0,0,0,''),('C_O_11',0,0,0,0,0,0,0,0,0,0,0,''),('C_O_12',0,0,0,0,0,0,0,0,0,0,0,''),('C_O_13',0,0,0,0,0,0,0,0,0,0,0,''),('C_O_14',0,0,0,0,0,0,0,0,0,0,0,''),('C_O_6a',0,0,0,0,0,0,0,0,0,0,0,''),('E_E_50',0,0,0,0,0,0,0,0,0,0,0,''),('E_E_60',0,0,0,0,0,0,0,0,0,0,0,''),('E_E_AB',0,0,0,0,0,0,0,0,0,0,0,''),('E_E_T',0,0,0,0,0,0,0,0,0,0,0,''),('M_I_01',0,0,0,0,0,0,0,0,0,0,0,''),('M_I_02',0,0,0,0,0,0,0,0,0,0,0,''),('M_I_03',0,0,0,0,0,0,0,0,0,0,0,''),('M_I_04',0,0,0,0,0,0,0,0,0,0,0,''),('M_I_05',0,0,0,0,0,0,0,0,0,0,0,''),('M_I_06',0,0,0,0,0,0,0,0,0,0,0,''),('M_I_07',0,0,0,0,0,0,0,0,0,0,0,''),('M_I_08',0,0,0,0,0,0,0,0,0,0,0,''),('M_I_09',0,0,0,0,0,0,0,0,0,0,0,''),('M_I_10',0,0,0,0,0,0,0,0,0,0,0,''),('M_I_11',0,0,0,0,0,0,0,0,0,0,0,''),('M_I_12',0,0,0,0,0,0,0,0,0,0,0,''),('M_I_13',0,0,0,0,0,0,0,0,0,0,0,''),('M_I_14',0,0,0,0,0,0,0,0,0,0,0,''),('M_I_15',0,0,0,0,0,0,0,0,0,0,0,''),('M_I_16',0,0,0,0,0,0,0,0,0,0,0,''),('M_I_17',0,0,0,0,0,0,0,0,0,0,0,''),('M_I_18',0,0,0,0,0,0,0,0,0,0,0,''),('M_I_19',0,0,0,0,0,0,0,0,0,0,0,''),('M_I_20',0,0,0,0,0,0,0,0,0,0,0,''),('M_I_21',0,0,0,0,0,0,0,0,0,0,0,''),('M_I_22',0,0,0,0,0,0,0,0,0,0,0,''),('M_I_23',0,0,0,0,0,0,0,0,0,0,0,''),('P_I_01',0,0,0,0,0,0,0,0,0,103,1,'https://tienda.fciencias.unam.mx/home/188-dos-o-tres-trazos-9786070251511.html'),('P_I_02',0,0,0,0,0,0,0,0,0,56,1,'https://tienda.fciencias.unam.mx/home/189-conicas-cuadricas-y-aplicaciones-9786070263828.html'),('P_M_01',0,0,0,0,0,0,0,0,0,25,1,''),('P_N_01',0,0,0,0,0,0,0,0,0,25,1,''),('P_N_02',0,0,0,0,0,0,0,0,0,25,1,''),('P_T_01',0,0,0,0,0,0,0,0,0,25,1,'https://tienda.fciencias.unam.mx/home/190-grupos-i-976070251504.html'),('P_T_02',0,0,0,0,0,0,0,0,0,20,1,'https://tienda.fciencias.unam.mx/home/191-analisis-matematico-9786070268502.html'),('P_T_03',0,0,0,0,0,0,0,0,0,25,1,'https://tienda.fciencias.unam.mx/home/192-topologia-diferencial-9786070263873.html'),('P_T_04',0,0,0,0,0,0,0,0,0,25,1,''),('P_T_05',0,0,0,0,0,0,0,0,0,25,1,''),('P_T_06',0,0,0,0,0,0,0,0,0,25,1,''),('P_T_07',0,0,0,0,0,0,0,0,0,25,1,''),('P_T_08',0,0,0,0,0,0,0,0,0,25,1,''),('T_B_01',0,0,0,0,0,0,0,0,0,7,0,''),('T_B_02',0,0,0,0,0,0,0,0,0,0,0,''),('T_B_03',0,0,0,0,0,0,0,0,0,35,0,''),('T_B_05',0,0,0,0,0,0,0,0,0,0,0,''),('T_B_06',0,0,0,0,0,0,0,0,0,0,0,''),('T_B_07',0,0,0,0,0,0,0,0,0,0,0,''),('T_B_08',0,0,0,0,0,0,0,0,0,0,0,'');
/*!40000 ALTER TABLE `inventario` ENABLE KEYS */;
UNLOCK TABLES;

--
-- Table structure for table `inventario_aux`
--

DROP TABLE IF EXISTS `inventario_aux`;
/*!40101 SET @saved_cs_client     = @@character_set_client */;
/*!40101 SET character_set_client = utf8 */;
CREATE TABLE `inventario_aux` (
  `id_libros` int(11) NOT NULL DEFAULT 0,
  `ejemplares` int(11) NOT NULL
) ENGINE=InnoDB DEFAULT CHARSET=latin1;
/*!40101 SET character_set_client = @saved_cs_client */;

--
-- Dumping data for table `inventario_aux`
--

LOCK TABLES `inventario_aux` WRITE;
/*!40000 ALTER TABLE `inventario_aux` DISABLE KEYS */;
INSERT INTO `inventario_aux` VALUES (1,100),(2,100),(3,100),(4,100),(5,100),(6,100),(7,100),(8,100),(9,100),(10,100),(11,100),(12,100),(13,100),(14,100),(15,100),(16,100),(17,100),(18,100),(19,100),(20,100),(21,100),(22,100),(23,100),(24,100),(25,100),(26,100),(27,100),(28,100),(29,100),(30,100),(31,100),(32,100),(33,100),(34,100),(35,100),(36,100),(37,100),(38,100),(39,100),(40,100),(41,100),(42,100),(43,100),(44,100),(45,100),(46,100),(47,100),(48,100),(49,100),(50,100),(51,100),(52,100),(53,100),(54,100),(55,100),(56,100),(57,100),(58,100),(59,100),(60,100),(61,100),(62,100),(63,100),(64,100),(65,100),(66,100),(67,100),(68,100),(69,100),(70,100),(71,100),(72,100),(73,100),(74,100),(75,100),(76,100),(77,100),(78,100),(79,100),(80,100),(81,100),(82,100),(83,100),(84,100),(85,100),(86,100),(87,100),(88,100),(89,100),(90,100),(91,100),(92,100),(93,100),(94,100),(95,100),(96,100),(97,100),(98,100),(99,100),(100,100),(101,100),(102,100),(103,100),(104,100),(105,100),(106,100),(107,100),(108,100),(109,100),(110,100),(111,100),(112,100),(113,100),(114,100),(115,100),(116,100),(117,100),(118,100),(119,100),(120,100),(121,100),(122,100),(123,100),(124,100),(125,100),(126,100),(127,100),(128,100),(129,100),(130,100),(131,100),(132,100),(133,100),(134,100),(135,100),(136,100),(137,100),(138,100),(139,100),(140,100),(141,100),(142,100),(143,100),(144,100),(145,100),(146,100),(147,100),(148,100),(149,100),(150,100),(151,100),(152,100),(153,100),(154,100),(155,100),(156,100),(157,100),(158,100),(159,100),(160,100),(161,100),(162,100),(163,100),(164,100),(165,100),(166,100),(167,100),(168,100),(169,100),(170,100);
/*!40000 ALTER TABLE `inventario_aux` ENABLE KEYS */;
UNLOCK TABLES;

--
-- Table structure for table `libros`
--

DROP TABLE IF EXISTS `libros`;
/*!40101 SET @saved_cs_client     = @@character_set_client */;
/*!40101 SET character_set_client = utf8 */;
CREATE TABLE `libros` (
  `id_libro` char(6) NOT NULL,
  `tipo` char(1) NOT NULL,
  `coleccion` varchar(60) NOT NULL,
  `serie` char(20) NOT NULL DEFAULT 'N/A',
  `num_serie` tinyint(3) unsigned NOT NULL,
  `titulo` varchar(200) NOT NULL,
  `isbn` char(21) NOT NULL DEFAULT 'N/A',
  `edicion` char(3) NOT NULL,
  `reimpresion` char(3) NOT NULL DEFAULT '0',
  `tiraje` char(4) NOT NULL,
  `fecha` date NOT NULL,
  `notas` varchar(200) NOT NULL,
  PRIMARY KEY (`id_libro`),
  CONSTRAINT `libros_ibfk_1` FOREIGN KEY (`id_libro`) REFERENCES `precios` (`id_libro`) ON DELETE CASCADE ON UPDATE CASCADE
) ENGINE=InnoDB DEFAULT CHARSET=utf8;
/*!40101 SET character_set_client = @saved_cs_client */;

--
-- Dumping data for table `libros`
--

LOCK TABLES `libros` WRITE;
/*!40000 ALTER TABLE `libros` DISABLE KEYS */;
INSERT INTO `libros` VALUES ('A_C_01','E','Aportaciones Matemáticas','Comunicaciones',1,'Programa de investigación del XVIII Congreso Nacional de la  Sociedad Matemática Mexicana. Memorias. Mérida, México 1984.','No tiene','1','0','500','1986-06-23',''),('A_C_02','E','Aportaciones Matemáticas','Comunicaciones',2,'Teoremas límite de alta densidad para campos aleatorios ramificados','No tiene','1','0','500','1986-01-01',''),('A_C_03','E','Aportaciones Matemáticas','Comunicaciones',3,'Programa del XIX Congreso Nacional de la sociedad Matemática Mexicana, Vol. I. Memorias. Guadalajara, México 1986.','968-36-0307-6','1','0','500','1987-01-01',''),('A_C_04','E','Aportaciones Matemáticas','Comunicaciones',4,'Programa del XIX Congreso Nacional de la Sociedad Matemática Mexicana, Vol. II. Memorias. Guadalajara, México 1986.','968-36-0308-4','1','0','500','1987-01-01',''),('A_C_05','E','Aportaciones Matemáticas','Comunicaciones',5,'Programa del XX Congreso Nacional de la Sociedad Matemática Mexicana. Memorias. Xalapa, México 1987.','968-36-0632-6','1','0','500','1988-01-01',''),('A_C_06','E','Aportaciones Matemáticas','Comunicaciones',6,'XXI Congreso Nacional de la Sociedad Matemática Mexican. Memorias. Hermosillo, Sonora 1988.','968-36-1156-7','1','0','500','1989-01-01',''),('A_C_07','E','Aportaciones Matemáticas','Comunicaciones',7,'Breve introducción a códigos detectores-correctores de error','No tiene','1','0','500','1990-01-01',''),('A_C_08','E','Aportaciones Matemáticas','Comunicaciones',8,'XXII Congreso Nacional de la Sociedad Matemática Mexicana. Memorias. Puebla, Puebla 1989.','968-36-1666-6','1','0','750','1990-01-01',''),('A_C_09','E','Aportaciones Matemáticas','Comunicaciones',9,'XXIII Congreso Nacional de la Sociedad Matemática Mexicana. Memorias. Guanajuato, México 1990.','968-36-2162-7','1','0','500','1990-01-01',''),('A_C_10','E','Aportaciones Matemáticas','Comunicaciones',10,'La estructura de los dendroides suaves','968-36-3246-7','1','0','500','1993-01-01',''),('A_C_11','E','Aportaciones Matemáticas','Comunicaciones',11,'XXIV Congreso Nacional de la Sociedad Matemática Mexicana Memorias. Oaxtepec, Morelos 1991.','968-36-2675-5','1','0','750','1992-01-01',''),('A_C_12','E','Aportaciones Matemáticas','Comunicaciones',12,'XXV Congreso Nacional de la Sociedad Matemática Mexicana Vol. I. Memorias. Xalapa, Veracruz 1992.','968-36-3280-7','1','0','750','1993-01-01',''),('A_C_13','E','Aportaciones Matemáticas','Comunicaciones',13,'XXV Congreso Nacional de la Sociedad Matemática Mexicana Vol. II. Memorias. Xalapa, Veracruz 1992.','968-36-3281-5','1','0','750','1993-01-01',''),('A_C_14','E','Aportaciones Matemáticas','Comunicaciones',14,'XXVI Congreso Nacional de la Sociedad Matemática Mexicana. Memorias. Morelia, Michoacán 1993.','968-36-3929-1','1','0','750','1994-01-01',''),('A_C_15','E','Aportaciones Matemáticas','Comunicaciones',15,'XI Escuela Latinoamericana de Matemáticas. Memorias. UNAM, México, D.F.; CIMAT, Gto. 1993.','968-36-4238-1','1','0','500','1994-01-01',''),('A_C_16','E','Aportaciones Matemáticas','Comunicaciones',16,'XXVII Congreso Nacional de la Sociedad Matemática Mexicana. Memorias. Querétaro, Querétaro 1994.','968-36-4616-6','1','0','750','1995-01-01',''),('A_C_17','E','Aportaciones Matemáticas','Comunicaciones',17,'Grupo de estudio con la industria y cursos en matemáticas industriales. Memorias. Oaxaca, Oaxaca 1995.','968-36-4948-3','1','0','500','1996-01-01',''),('A_C_18','E','Aportaciones Matemáticas','Comunicaciones',18,'XXVIII Congreso Nacional de la Sociedad Matemática Mexicana. Memorias. Colima, Colima 1995.','968-36-5409-6','1','0','750','1996-01-01',''),('A_C_19','E','Aportaciones Matemáticas','Comunicaciones',19,'Problemas combinatorios sobre conjuntos finitos de puntos','968-36-5771-0','1','0','500','1997-01-01',''),('A_C_20','E','Aportaciones Matemáticas','Comunicaciones',20,'XXIX Congreso Nacional de la Sociedad Matemática Mexicana. Memorias. San Luis Potosí, SLP 1996.','968-36-6261-7','1','0','750','1997-01-01',''),('A_C_21','E','Aportaciones Matemáticas','Comunicaciones',21,'IV Escuela de verano de geometría y sistemas dinámicos. Memorias. Cimat, Guanajuato 1997.','968-36-6+853-4','1','0','300','1998-01-01',''),('A_C_22','E','Aportaciones Matemáticas','Comunicaciones',22,'XXX Congreso Nacional de la Sociedad Matemática Mexicana. Memorias. Aguascalientes, Ags. 1997.','968-36-7196-9','1','0','700','1998-01-01',''),('A_C_23','E','Aportaciones Matemáticas','Comunicaciones',23,'Segundo grupo de estudio con la industria y cursos en matemáticas industriales. Memorias. Cocoyoc, Mor., México. 1997','968-36-7309-0','1','0','300','1999-01-01',''),('A_C_24','E','Aportaciones Matemáticas','Comunicaciones',24,'3rd International conference on approximation and optimization in the Caribean. Proceedings. Puebla, México. 1995.','968-36-7074-1','1','0','300','1998-01-01',''),('A_C_25','E','Aportaciones Matemáticas','Comunicaciones',25,'XXXI Congreso Nacional de la Sociedad Matemática Mexicana. Memorias. Hermosillo, Son. 1998.','968-36-7844-0','1','0','300','1999-01-01',''),('A_C_26','E','Aportaciones Matemáticas','Comunicaciones',26,'Tendencias interdisciplinarias en las matemáticas.','968-36-8314-2','1','0','300','2000-01-01',''),('A_C_27','E','Aportaciones Matemáticas','Comunicaciones',27,'XXXII Congreso nacional de la Sociedad Matemática Mexicana. Memorias. Guadalajara, Jal. 1999.','968-36-8435-1','1','0','300','2000-01-01',''),('A_C_28','E','Aportaciones Matemáticas','Comunicaciones',28,'Lecturas básicas en topología general','968-36-8831-4','1','0','500','2000-01-01',''),('A_C_29','E','Aportaciones Matemáticas','Comunicaciones',29,'XXXIII Congreso nacional de la Sociedad Matemática Mexicana. Memorias. Saltillo, Coah. 2000.','968-36-9631-7','1','0','650','2001-01-01',''),('A_C_30','E','Aportaciones Matemáticas','Comunicaciones',30,'XXXIV Congreso Nacional de la Sociedad Matemática Mexicana. Memorias. Toluca, M ́ex. 2001.','968-36-0225-X','1','0','650','2002-01-01',''),('A_C_31','E','Aportaciones Matemáticas','Comunicaciones',31,'Tópicos de Geometría Algebraica','970-32-0174-14','1','0','300','2002-01-01',''),('A_C_32','E','Aportaciones Matemáticas','Comunicaciones',32,'XXXV Congreso Nacional de la Sociedad Matemática Mexicana. Memorias. Durango, Dgo. 2002.','970-32-0997-1','1','0','600','2003-01-01',''),('A_C_33','E','Aportaciones Matemáticas','Comunicaciones',33,'(Número Cancelado)','N/A','N/A','N/A','0','0000-00-00',''),('A_C_34','E','Aportaciones Matemáticas','Comunicaciones',34,'XXXVI Congreso Nacional de la Sociedad Matemática Mexicana. Memorias. Pachuca, Hgo. 2003.','970-32-1731-1','1','0','300','2004-01-01',''),('A_C_35','E','Aportaciones Matemáticas','Comunicaciones',35,'Memorias de la Sociedad Matemática Mexicana. (2005)','ISSN 1870-2112 (2005)','1','0','300','2005-01-01',''),('A_C_36','E','Aportaciones Matemáticas','Comunicaciones',36,'Memorias de la Sociedad Matemática Mexicana. (2006)','ISSN 1870-2112 (2006)','1','0','450','2006-01-01',''),('A_C_37','E','Aportaciones Matemáticas','Comunicaciones',37,'Memorias de la Sociedad Matemática Mexicana. (2007)','ISSN 1870-2112 (2007)','1','0','500','2007-01-01',''),('A_C_38','E','Aportaciones Matemáticas','Comunicaciones',38,'Memorias de la Sociedad Matemática Mexicana. (2008)','ISSN 1870-2112 (2008)','1','0','500','2008-01-01',''),('A_C_39','E','Aportaciones Matemáticas','Comunicaciones',39,'Modelos en estadística y probabilidad','978-607-20-0262-3','1','0','300','2008-01-01',''),('A_C_40','E','Aportaciones Matemáticas','Comunicaciones',40,'Memorias de la Sociedad Matemática Mexicana. (2009)','ISSN 1870-2112 (2009)','1','0','500','2009-01-01',''),('A_C_41','E','Aportaciones Matemáticas','Comunicaciones',41,'Memorias de la Sociedad Matemática Mexicana. (2010)','ISSN 1870-2112 (2010)','1','0','500','2010-01-01','Número Cancelado'),('A_C_42','E','Aportaciones Matemáticas','Comunicaciones',42,'Las matemáticas a través de los 50 años de la ESFM del IPN.','978-607-02-2763-9','1','0','300','2011-01-01',''),('A_C_43','E','Aportaciones Matemáticas','Comunicaciones',43,'Memorias de la Sociedad Matemática Mexicana. (2011)','ISSN 1870-2112 (2011)','1','0','500','2011-01-01',''),('A_C_44','E','Aportaciones Matemáticas','Comunicaciones',44,'Modelos en estadística y probabilidad II','978-607-02-2633-5','1','0','300','2011-01-01',''),('A_C_45','E','Aportaciones Matemáticas','Comunicaciones',45,'Memorias de la Sociedad Matemática Mexicana. (2012)','ISSN 1870-2112 (2011)','1','0','500','2012-01-01',''),('A_C_46','E','Aportaciones Matemáticas','Comunicaciones',46,'Memorias de la Sociedad Matemática Mexicana. (2013)','ISSN 1870-2112 (2013)','1','0','500','2013-01-01',''),('A_C_47','E','Aportaciones Matemáticas','Comunicaciones',47,'Modelos en estadística y probabilidad III','978-607-02-6174-9','1','0','200','2014-01-01',''),('A_C_48','E','Aportaciones Matemáticas','Comunicaciones',48,'Memorias de la Sociedad Matemática Mexicana. (2014)','ISSN 1870-2112 (2014)','1','0','500','2014-01-01',''),('A_I_01','E','Aportaciones Matemáticas','Investigación',1,'Coloquio de sistemas dinámicos. Memorias. Guanajuato, México, 1983.','No tiene','1','0','500','1985-01-01',''),('A_I_02','E','Aportaciones Matemáticas','Investigación',2,'Categorical Topology - The Complete Work of Graciela Salicrup','No tiene','1','0','500','1988-01-01',''),('A_I_03','E','Aportaciones Matemáticas','Investigación',3,'Sistemas dinámicos holomorfos en superficies','968-36-0767-5','1','0','500','2004-01-01',''),('A_I_04','E','Aportaciones Matemáticas','Investigación',4,'Simposio de probabilidad y procesos estocásticos. Memorias. Guanajuato, México 1988.','968-36-0924-4','1','0','500','1989-01-01',''),('A_I_05','E','Aportaciones Matemáticas','Investigación',5,'Topics in Algebraic Geometry. Proceedings. Guanajuato, Mexico1989.','968-36-2677-7','1','0','500','1992-01-01',''),('A_I_06','E','Aportaciones Matemáticas','Investigación',6,'Seminario internacional de álgebra y sus aplicaciones. Memorias. México 1991.','968-36-2796-X','1','0','500','1992-01-01',''),('A_I_07','E','Aportaciones Matemáticas','Investigación',7,'II Simposio de probabilidad y procesos estocásticos. I Encuentro México-Chile de análisis escolásticos. Memorias. Guanajuato, México 1992.','968-36-2794-3','1','0','300','1992-01-01',''),('A_I_08','E','Aportaciones Matemáticas','Investigación',8,'Taller de geometría diferencial sobre espacios de geometrías. Memorias. Guanajuato, Mexico 1992.','968-36-2793-5','1','0','500','1992-01-01',''),('A_I_09','E','Aportaciones Matemáticas','Investigación',9,'Poblaciones aleatorias ramificadas y sus equilibrios','968-36-3597-0','1','0','500','1994-01-01',''),('A_I_10','E','Aportaciones Matemáticas','Investigación',10,'Una introducción a la geometría computacional a través de los teoremas de la galería de arte','968-36-3595-4','1','0','500','1994-01-01',''),('A_I_11','E','Aportaciones Matemáticas','Investigación',11,'III Simposio de probabilidad y procesos estocásticos. Memorias. Hermosillo, México 1994.','968-36-4237-3','1','0','500','1994-01-01',''),('A_I_12','E','Aportaciones Matemáticas','Investigación',12,'IV Simposio de probabilidad y procesos estocásticos. Memorias. Guanajuato, México 1996.','968-36-57877-X','1','0','300','1996-01-01',''),('A_I_13','E','Aportaciones Matemáticas','Investigación',13,'Taller de variedades abelianas y funciones theta. Memorias. Morelia, Mich., México 1996','968-36-7310-4','1','0','300','1998-01-01',''),('A_I_14','E','Aportaciones Matemáticas','Investigación',14,'Modelos estocásticos','968-36-7655-3','1','0','300','1998-01-01',''),('A_I_15','E','Aportaciones Matemáticas','Investigación',15,'Inverse Limits','968-36-7701-0','1','0','500','2000-01-01',''),('A_I_16','E','Aportaciones Matemáticas','Investigación',16,'Modelos estocásticos II','968-36-9572-8','1','0','300','2001-01-01',''),('A_I_17','E','Aportaciones Matemáticas','Investigación',17,'Topics in Infinitely Divisible Distributions and Lévy Processes','970-32-1126-7','1','0','300','2003-01-01','Agotado. Sin derechos de venta.'),('A_I_18','E','Aportaciones Matemáticas','Investigación',18,'Parametric Optimization and Related Topics VII','970-32-1877-6','1','0','300','2004-01-01',''),('A_I_19','E','Aportaciones Matemáticas','Investigación',19,'Continuum Theory: in Honor of Professor David P. Bellamy on the Occasion of this 60th. Birthday','978-970-32-5046-2','1','0','400','2007-01-01',''),('A_I_20','E','Aportaciones Matemáticas','Investigación',20,'Proceedings of the Fourteenth International Conference on Fibonacci Numbers and Their Applications','978-607-02-2543-7','1','0','200','2011-01-01',''),('A_T_01','E','Aportaciones Matemáticas','Textos',1,'Introducción a la topología – Graciela Salicrup','968-36-2906-7','1','1','1000','1997-01-01',''),('A_T_02','E','Aportaciones Matemáticas','Textos',2,'Procesos estocásticos','970-32-0226-8','3','0','500','2002-01-01',''),('A_T_03','E','Aportaciones Matemáticas','Textos',3,'Lectures on Continuous-Time Markov Control Processes','968-36-4005-6','1','0','500','1994-01-01',''),('A_T_04','E','Aportaciones Matemáticas','Textos',4,'Un curso de lógica matemática','968-36-4534-8','1','0','500','1995-01-01',''),('A_T_05','E','Aportaciones Matemáticas','Textos',5,'Rudimentos de mansedumbre y salvajismo en teoría de representaciones','968-36-4618-2','1','0','500','1995-01-01',''),('A_T_06','E','Aportaciones Matemáticas','Textos',6,'Teoría general de procesos e integración estocástica','968-36-4629-8','2','1','300','2004-01-01',''),('A_T_07','E','Aportaciones Matemáticas','Textos',7,'Intersection Theory','968-36-4804-5','1','0','500','1996-01-01',''),('A_T_08','E','Aportaciones Matemáticas','Textos',8,'Inverse Problems','968-36-4844-4','1','0','500','1996-01-01',''),('A_T_09','E','Aportaciones Matemáticas','Textos',9,'El ABC de los splines','968-36-4806-1','1','0','500','1996-01-01',''),('A_T_10','E','Aportaciones Matemáticas','Textos',10,'Lo antiguo y lo nuevo acerca de los conjuntos convexos','968-36-4805-3','1','0','500','1998-01-01',''),('A_T_11','E','Aportaciones Matemáticas','Textos',11,'Matemáticas para las ciencias naturales','968-36-5769-9','1','0','2500','1998-01-01',''),('A_T_12','E','Aportaciones Matemáticas','Textos',12,'Introducción a la teoría de redes','968-36-5770-2','2','0','750','2005-01-01',''),('A_T_13','E','Aportaciones Matemáticas','Textos',13,'Teoría de conjuntos (una introducción)','978-607-02-8772-5','3','1','200','2011-01-01',''),('A_T_14','E','Aportaciones Matemáticas','Textos',14,'Lectures on Quantum Probability','968-36-7993-5','1','0','500','2000-01-01',''),('A_T_15','E','Aportaciones Matemáticas','Textos',15,'Construcción de procesos autosimilares con variancia finita','968-36-8916-7','1','0','500','2000-01-01',''),('A_T_16','E','Aportaciones Matemáticas','Textos',16,'Grupos algebraicos y teoría de invariantes','968-36-3594-6','1','0','500','2001-01-01',''),('A_T_17','E','Aportaciones Matemáticas','Textos',17,'Cohomología de Galois de campos locales','968-36-9892-1','1','0','500','2001-01-01',''),('A_T_18','E','Aportaciones Matemáticas','Textos',18,'Dimension Theory: An Introduction with Exercises','970-32-0026-5','1','0','500','2002-01-01',''),('A_T_19','E','Aportaciones Matemáticas','Textos',19,'Cómputo numérico con aritmética de punto flotante IEEE. Con un teorema, una regla empírica y ciento un ejercicios','970-32-0086-9','1','0','500','2002-01-01',''),('A_T_20','E','Aportaciones Matemáticas','Textos',20,'Topología diferencial','970-32-0754-5','1','0','500','2003-01-01',''),('A_T_21','E','Aportaciones Matemáticas','Textos',21,'Elementos de probabilidad y estadística','970-32-0756-7','1','0','500','2003-01-01',''),('A_T_22','E','Aportaciones Matemáticas','Textos',22,'Topología general','970-32-1064-3','1','0','500','2003-01-01',''),('A_T_23','E','Aportaciones Matemáticas','Textos',23,'Introducción a los grupos topológicos de transformaciones','970-32-1070-8','1','0','500','2005-01-01',''),('A_T_24','E','Aportaciones Matemáticas','Textos',24,'Breviario de teoría analítica de los números','978-970-32-1146-3','1','1','600','2009-01-01',''),('A_T_25','E','Aportaciones Matemáticas','Textos',25,'Cálculo de probabilidades','970-32-1147-X','1','0','600','2003-01-01',''),('A_T_26','E','Aportaciones Matemáticas','Textos',26,'Números primos y aplicaciones','970-32-1914-4','1','0','500','2004-01-01',''),('A_T_27','E','Aportaciones Matemáticas','Textos',27,'Historia y desarrollo de la teoría de los continuos indescomponibles','970-32-2130-0','1','0','300','2004-01-01','Coedición SIAM'),('A_T_28','E','Aportaciones Matemáticas','Textos',28,'Hiperespacios de continuos','970-32-2152-1','1','0','500','2004-01-01',''),('A_T_29','E','Aportaciones Matemáticas','Textos',29,'Cadenas de Markov','978-607-02-8773-2','2','0','500','2008-01-01',''),('A_T_30','E','Aportaciones Matemáticas','Textos',30,'The Fixed Point Property for Continua','970-72-2969-7','1','0','500','2005-01-01',''),('A_T_31','E','Aportaciones Matemáticas','Textos',31,'Invitación a la teoría de los continuos y sus hiperespacios','970-32-3872-6','1','0','500','2006-01-01',''),('A_T_32','E','Aportaciones Matemáticas','Textos',32,'Introducción a la teoría de grupos','978-607-30-0314-8','1','1','500','2018-10-01',''),('A_T_33','E','Aportaciones Matemáticas','Textos',33,'Hyperspaces of Sets. A text With Research Questions','970-32-3873-4','1','0','500','2006-01-01',''),('A_T_34','E','Aportaciones Matemáticas','Textos',34,'Introducción a la optimización no lineal','978-607-02-0424-1','1','0','750','2009-01-01',''),('A_T_35','E','Aportaciones Matemáticas','Textos',35,'Graphs, Rings and Polyhedra','978-607-02-1630-5','1','0','300','2011-01-01',''),('A_T_36','E','Aportaciones Matemáticas','Textos',36,'Introducción a la topología de conjuntos','978-607-02-2332-2','1','0','200','2011-01-01',''),('A_T_37','E','Aportaciones Matemáticas','Textos',37,'Elementos de topología general','978-607-02-3000-4','1','0','200','2012-01-01',''),('A_T_38','E','Aportaciones Matemáticas','Textos',38,'Cálculo','978-607-02-8621-6','1','0','200','2012-01-01',''),('A_T_39','E','Aportaciones Matemáticas','Textos',39,'Curso elemental de probabilidad y estadística','978-607-02-4092-8','1','0','345','2013-01-01',''),('A_T_40','E','Aportaciones Matemáticas','Textos',40,'Álgebras booleanas y espacios topológicos','978-607-02-9827-1','1','0','200','2017-12-01',''),('A_T_42','E','Aportaciones Matemáticas','Textos',42,'Introducción a la teoría de la medida','978-607-30-0322-3','1','0','200','2018-04-01',''),('C_O_01','D','Cuadernos de Olimpiadas de Matemáticas','N/A',1,'Combinatoria','978-968-36-8598-8','1','8','1000','2013-11-20',''),('C_O_02','D','Cuadernos de Olimpiadas de Matemáticas','N/A',2,'Principios de olimpiada','978-968-36-9891-9','1','7','1000','2015-01-15',''),('C_O_03','D','Cuadernos de Olimpiadas de Matemáticas','N/A',3,'Geometría','978-970-32-0444-1','1','10','1000','2012-01-01',''),('C_O_04','D','Cuadernos de Olimpiadas de Matemáticas','N/A',4,'Geometría. Ejercicios y problemas','978-970-32-0443-4','1','7','1000','2013-06-14','Coedición del Instituto de Matemáticas, UNAM - McGraw_Hill Interamericana Editores'),('C_O_05','D','Cuadernos de Olimpiadas de Matemáticas','N/A',5,'Teoría de números','978-970-32-1172-2','1','7','1000','2014-01-01',''),('C_O_06','D','Cuadernos de Olimpiadas de Matemáticas','N/A',6,'Desigualdades','978-970-32-1171-5','4','1','1000','2012-01-01','Es la traducción al inglés del libro \"Desigualdades\".'),('C_O_07','D','Cuadernos de Olimpiadas de Matemáticas','N/A',7,'Olimpiadas en SLP, elemental','978-607-02-2680-9','1','0','1000','2011-01-01',''),('C_O_08','D','Cuadernos de Olimpiadas de Matemáticas','N/A',8,'Olimpiadas en SLP, avanzado','978-607-02-3235-0','1','0','1000','2012-01-01','7 y 8 en 2008 se publicó: \"las olimpiadas de matemáticas en San Luis Potosí, 1987-2005\".'),('C_O_09','D','Cuadernos de Olimpiadas de Matemáticas','N/A',9,'Matemáticas preolímpicas','978-970-32-5428-6','1','5','1000','2015-01-15',''),('C_O_10','D','Cuadernos de Olimpiadas de Matemáticas','N/A',10,'Combinatoria para olimpiadas internacionales','978-607-02-1710-4','1','1','1000','2013-06-14',''),('C_O_11','D','Cuadernos de Olimpiadas de Matemáticas','N/A',11,'Problemas avanzados de olimpiada','978-607-02-1709-8','1','0','1000','2010-01-01',''),('C_O_12','D','Cuadernos de Olimpiadas de Matemáticas','N/A',12,'Combinatoria avanzada','978-607-02-1810-1','1','0','1000','2010-01-01',''),('C_O_13','D','Cuadernos de Olimpiadas de Matemáticas','N/A',13,'Principio de las casillas','978-607-02-5139-9','2','0','1000','2014-02-15',''),('C_O_14','D','Cuadernos de Olimpiadas de Matemáticas','N/A',14,'Álgebra','978-607-02-5580-9','2','0','1000','2013-06-30',''),('C_O_6a','D','Cuadernos de Olimpiadas de Matemáticas','N/A',6,'Inequalities','970-32-2788-0','1','0','1000','2005-06-01',''),('E_E_50','C','Ediciones Especiales','N/A',0,'Memorias del 50 Aniversario del Instituto de Matemáticas. 1942-1992','968-36-3531-8','1','0','500','1994-12-01',''),('E_E_60','C','Ediciones Especiales','N/A',0,'Matemáticas en la UNAM. Memorias del 60 Aniversario del Instituto de Matemáticas','970-32-0720-0','1','0','500','2003-04-01',''),('E_E_AB','C','Ediciones Especiales','N/A',0,'Alberto Barajas, su oratoria, sus matemáticas y sus enseñanzas','978-607-02-0945-1','1','0','1000','2009-11-01',''),('E_E_T','C','Ediciones Especiales','N/A',0,'Topología algebraica. Un enfoque homotópico','970-10-1904-0','1','0','200','1998-01-01',''),('M_I_01','F','Monografías del Instituto de Matemáticas','N/A',1,'Localization in Noncommutative Rings','N/A','1','0','','1975-01-01',''),('M_I_02','F','Monografías del Instituto de Matemáticas','N/A',2,'Teoría de los números algebraicos','N/A','1','0','','1975-01-01',''),('M_I_03','F','Monografías del Instituto de Matemáticas','N/A',3,'Integrales de medida positiva','N/A','1','0','','1976-01-01',''),('M_I_04','F','Monografías del Instituto de Matemáticas','N/A',4,'Rings With Polynomial Identities','N/A','1','0','','1977-01-01',''),('M_I_05','F','Monografías del Instituto de Matemáticas','N/A',5,'Grupos profinitos, grupos libres y productos libres','N/A','1','0','','1977-01-01',''),('M_I_06','F','Monografías del Instituto de Matemáticas','N/A',6,'Introducción a la teoría de las clases características en la geometría algebraica','N/A','1','0','','1978-01-01',''),('M_I_07','F','Monografías del Instituto de Matemáticas','N/A',7,'Embeddings, Projective Invariants and Classifications','N/A','1','0','','1979-01-01',''),('M_I_08','F','Monografías del Instituto de Matemáticas','N/A',8,'The Relative Spectral Sequence of Leray-Serre for Fibrations Pairs','N/A','1','0','','1979-01-01',''),('M_I_09','F','Monografías del Instituto de Matemáticas','N/A',9,'Caminatas aleatorias y movimiento browniano','N/A','1','0','','1981-01-01',''),('M_I_10','F','Monografías del Instituto de Matemáticas','N/A',10,'On Polarized Varieties','N/A','1','0','','1981-01-01',''),('M_I_11','F','Monografías del Instituto de Matemáticas','N/A',11,'Métodos diagramáticos en teoría de representaciones','N/A','1','0','','1982-01-01',''),('M_I_12','F','Monografías del Instituto de Matemáticas','N/A',12,'Espacios simplécticos sobre ß-anillos y anillos de Hermite, transvecciones simplécticas','N/A','1','0','','1982-01-01',''),('M_I_13','F','Monografías del Instituto de Matemáticas','N/A',13,'Abelian Integrals','N/A','1','0','','1983-01-01',''),('M_I_14','F','Monografías del Instituto de Matemáticas','N/A',14,'On Selfinjective Algebras of Finite Representation Type','N/A','1','0','','1983-01-01',''),('M_I_15','F','Monografías del Instituto de Matemáticas','N/A',15,'On Ideal Theory in Banach and Topological Algebras','N/A','1','0','','1984-01-01',''),('M_I_16','F','Monografías del Instituto de Matemáticas','N/A',16,'Teoría general de procesos e integración estocástica','N/A','1','0','','1985-01-01',''),('M_I_17','F','Monografías del Instituto de Matemáticas','N/A',17,'La figura espectral de operadores','N/A','1','0','','1986-01-01',''),('M_I_18','F','Monografías del Instituto de Matemáticas','N/A',18,'Teoría de punto fijo','N/A','1','0','','1986-01-01',''),('M_I_19','F','Monografías del Instituto de Matemáticas','N/A',19,'Projective Embeddings of Algebraic Varieties','N/A','1','0','','1988-01-01',''),('M_I_20','F','Monografías del Instituto de Matemáticas','N/A',20,'Teoría general de procesos e integración estocástica','N/A','2','0','','1989-01-01',''),('M_I_21','F','Monografías del Instituto de Matemáticas','N/A',21,'Análisis funcional I','N/A','1','0','','1989-01-01',''),('M_I_22','F','Monografías del Instituto de Matemáticas','N/A',22,'Introducción a la topología de las variedades de dimensión infinita','N/A','1','0','','1989-01-01',''),('M_I_23','F','Monografías del Instituto de Matemáticas','N/A',23,'Introducción a la teoría de representaciones de álgebras','N/A','1','0','','1990-01-01',''),('P_I_01','A','Papirhos','Icosaedro',1,'Dos o tres trazos','978-607-02-5151-1','1','0','200','2014-02-20',''),('P_I_02','A','Papirhos','Icosaedro',2,'Cónicas, cuádricas y aplicaciones','978-607-02-6382-8','1','0','500','2015-02-27',''),('P_M_01','A','Papirhos','Mixbaal',1,'Por la senda de los círculos','978-607-02-9828-8','1','0','1000','2017-12-20',''),('P_N_01','A','Papirhos','Notas',1,'Teoría de singularidades en topología, geometría y foliaciones I','978-607-02-9845-5','1','0','500','2017-11-20','Sólo se vende junto con el segundo volumen.'),('P_N_02','A','Papirhos','Notas',2,'Teoría de singularidades en topología, geometría y foliaciones II','978-607-02-9846-2','1','0','500','2017-11-20','Sólo se vende junto con el primer volumen.'),('P_T_01','A','Papirhos','Textos',1,'Grupos I','978-607-02-5150-4','1','0','200','2014-02-20',''),('P_T_02','A','Papirhos','Textos',2,'Análisis matemático','978-607-02-6850-2','1','0','500','2015-06-15',''),('P_T_03','A','Papirhos','Textos',3,'Topología diferencial','978-607-02-6387-3','1','0','500','2015-02-16',''),('P_T_04','A','Papirhos','Textos',4,'Grupos II','978-607-02-7814-3','1','0','500','2016-05-16',''),('P_T_05','A','Papirhos','Textos',5,'Geometría euclidiana bidimensional','978-607-02-8836-4','1','0','500','2017-03-16',''),('P_T_06','A','Papirhos','Textos',6,'Curso introductorio de Álgebra I','978-607-02-8824-1','1','0','500','2017-03-16',''),('P_T_07','A','Papirhos','Textos',7,'Clases características','978-607-02-9865-3','1','0','500','2017-11-16',''),('T_B_01','B','Temas de Matemáticas para bachillerato','N/A',1,'Cuando cuentes cuántos...','978-968-36-9888-9','2','1','500','2009-03-01',''),('T_B_02','B','Temas de Matemáticas para bachillerato','N/A',2,'Sistemas de ecuaciones y desigualdades','978-968-36-9889-6','1','1','500','2008-04-01',''),('T_B_03','B','Temas de Matemáticas para bachillerato','N/A',3,'La historia de un empujón: un vistazo a las ecuaciones y los sistemas dinámicos','978-968-36-9890-2','1','2','300','2011-02-28',''),('T_B_05','B','Temas de Matemáticas para bachillerato','N/A',5,'Estadística descriptiva para bachillerato','970-32-2089-4','1','0','500','2004-09-01','Edición agotada. '),('T_B_06','B','Temas de Matemáticas para bachillerato','N/A',6,'Relaciones de equivalencia','970-32-3106-3','1','0','1000','2006-02-01',''),('T_B_07','B','Temas de Matemáticas para bachillerato','N/A',7,'Mosaicos','970-32-4349-5','1','0','1000','2007-02-01',''),('T_B_08','B','Temas de Matemáticas para bachillerato','N/A',8,'Funciones circulares','978-970-32-5342-5','1','0','500','2008-11-01','');
/*!40000 ALTER TABLE `libros` ENABLE KEYS */;
UNLOCK TABLES;

--
-- Table structure for table `libros_autores`
--

DROP TABLE IF EXISTS `libros_autores`;
/*!40101 SET @saved_cs_client     = @@character_set_client */;
/*!40101 SET character_set_client = utf8 */;
CREATE TABLE `libros_autores` (
  `id_autor` char(4) NOT NULL,
  `id_libro` char(6) NOT NULL,
  KEY `id_autor` (`id_autor`),
  KEY `id_libro` (`id_libro`),
  CONSTRAINT `libros_autores_ibfk_1` FOREIGN KEY (`id_autor`) REFERENCES `autores` (`id_autor`),
  CONSTRAINT `libros_autores_ibfk_2` FOREIGN KEY (`id_libro`) REFERENCES `libros` (`id_libro`)
) ENGINE=InnoDB DEFAULT CHARSET=utf8;
/*!40101 SET character_set_client = @saved_cs_client */;

--
-- Dumping data for table `libros_autores`
--

LOCK TABLES `libros_autores` WRITE;
/*!40000 ALTER TABLE `libros_autores` DISABLE KEYS */;
INSERT INTO `libros_autores` VALUES ('SCR','P_I_01'),('DAA','P_T_01'),('OMH','P_T_01'),('MJSS','P_T_01'),('ECSV','P_T_01'),('HRM','T_B_01'),('AIRG','T_B_02'),('LOB','T_B_03'),('ERG','T_B_03'),('MCT','T_B_06'),('LHS','T_B_07'),('MCT','T_B_08'),('MPAR','T_B_05'),('JAFD','T_B_05'),('CP','E_E_T'),('MLPS','C_O_01'),('AIM','C_O_02'),('RBM','C_O_03'),('JAGO','C_O_03'),('RBM','C_O_04'),('JAGO','C_O_04'),('MLPS','C_O_05'),('RBM','C_O_06'),('JAGO','C_O_06'),('RVD','C_O_06'),('RBM','C_O_6a'),('JAGO','C_O_6a'),('RBM','C_O_07'),('CJRB','C_O_07'),('RBM','C_O_08'),('CJRB','C_O_08'),('MLPS','C_O_09'),('LMGV','C_O_09'),('MRP','C_O_09'),('PS','C_O_10'),('AAS','C_O_11'),('RBM','C_O_11'),('CJRB','C_O_11'),('MLPS','C_O_12'),('JAGO','C_O_13'),('RVD','C_O_13'),('RVP','C_O_13'),('RBM','C_O_14'),('JAGO','C_O_14'),('RVD','C_O_14'),('JAS','A_I_01'),('GS','A_I_01'),('CP','A_I_02'),('XGM','A_I_03'),('LOB','A_I_03'),('MEC','A_I_04'),('LGG','A_I_04'),('LBP','A_I_05'),('XGM','A_I_05'),('LMT','A_I_06'),('CR','A_I_06'),('RHV','A_I_06'),('MEC','A_I_07'),('LGG','A_I_07'),('CTJD','A_I_08'),('AW','A_I_09'),('VEC','A_I_10'),('MEC','A_I_11'),('LGG','A_I_11'),('LGG','A_I_12'),('JALM','A_I_12'),('RR','A_I_13'),('JMMP','A_I_13'),('SR','A_I_13'),('JMGB','A_I_14'),('LGG','A_I_14'),('WTI','A_I_15'),('DH','A_I_16'),('JALM','A_I_16'),('RQ','A_I_16'),('ARA','A_I_17'),('KS','A_I_17'),('JJR','A_I_18'),('MT','A_I_18'),('IWL','A_I_19'),('FL','A_I_20'),('PaS','A_I_20'),('MC','A_C_01'),('JAS','A_C_01'),('BF','A_C_02'),('CP','A_C_03'),('GV','A_C_03'),('LV','A_C_03'),('CP','A_C_04'),('GV','A_C_04'),('LV','A_C_04'),('LS','A_C_05'),('CV','A_C_05'),('FA','A_C_06'),('JB','A_C_06'),('ASV','A_C_06'),('AV','A_C_06'),('CR','A_C_07'),('HT','A_C_07'),('WYV','A_C_07'),('PB','A_C_08'),('AIM','A_C_08'),('FO','A_C_08'),('SR','A_C_08'),('AGM','A_C_09'),('LGG','A_C_09'),('JI','A_C_09'),('MM','A_C_09'),('SMA','A_C_10'),('LM','A_C_11'),('BR','A_C_11'),('AAW','A_C_11'),('FLR','A_C_12'),('AO','A_C_12'),('VPA','A_C_12'),('EV','A_C_12'),('MAA','A_C_05'),('MAA','E_E_T'),('SMA','A_I_19'),('SG','E_E_T'),('HTJ','A_I_18'),('JG','A_I_18'),('FLR','A_C_13'),('AO','A_C_13'),('VPA','A_C_13'),('EV','A_C_13'),('MEC','A_C_14'),('JD','A_C_14'),('AGR','A_C_14'),('XGM','A_C_15'),('JAS','A_C_15'),('AN','A_C_16'),('FAOL','A_C_16'),('AF','A_C_17'),('RMV','A_C_17'),('JLMP','A_C_18'),('SPE','A_C_18'),('FSB','A_C_18'),('GVS','A_C_18'),('BMAL','A_C_19'),('FAM','A_C_20'),('RMO','A_C_20'),('RRC','A_C_20'),('JMR','A_C_20'),('JOCA','A_C_21'),('RGIA','A_C_21'),('JALM','A_C_22'),('MN','A_C_22'),('MR','A_C_22'),('MS','A_C_22'),('AF','A_C_23'),('RMV','A_C_23'),('HO','A_C_23'),('BB','A_C_24'),('JABF','A_C_24'),('JG','A_C_24'),('MAJ','A_C_24'),('HTJ','A_C_24'),('WR','A_C_24'),('PP','A_C_25'),('RQB','A_C_25'),('CS','A_C_25'),('AS','A_C_25'),('SG','A_C_26'),('CP','A_C_26'),('JALV','A_I_12'),('JALV','A_C_16'),('JAPM','A_C_03'),('JAPM','A_C_04'),('JAPM','A_C_15'),('LHL','A_C_27'),('RQ','A_C_27'),('JMB','A_C_27'),('HSM','A_C_27'),('LMV','A_C_28'),('ASB','A_C_28'),('JO','A_C_28'),('JAP','A_C_29'),('MEM','A_C_29'),('JGEB','A_C_29'),('EPC','A_C_29'),('GC','A_C_30'),('CR','A_C_30'),('ERR','A_C_30'),('CVB','A_C_30'),('LBP','A_C_31'),('PLA','A_C_31'),('AGZ','A_C_31'),('JMR','A_C_31'),('MAA','A_C_32'),('RQB','A_C_32'),('MAA','A_C_34'),('RQB','A_C_34'),('MAA','A_C_35'),('RQB','A_C_35'),('MAA','A_C_36'),('LHL','A_C_36'),('MAA','A_C_37'),('LHL','A_C_37'),('MAA','A_C_38'),('LHL','A_C_38'),('JMGB','A_C_39'),('JALV','A_C_39'),('AP','A_C_39'),('LAR','A_C_39'),('JVM','A_C_39'),('MAA','A_C_40'),('LHL','A_C_40'),('MAA','A_C_41'),('LHL','A_C_41'),('MAA','A_C_43'),('LHL','A_C_43'),('LFR','A_C_42'),('LMT','A_C_42'),('JMGB','A_C_44'),('JALV','A_C_44'),('JVM','A_C_44'),('MAA','A_C_45'),('LHL','A_C_45'),('MAA','A_C_46'),('LHL','A_C_46'),('JMGB','A_C_47'),('JALV','A_C_47'),('JVM','A_C_47'),('MAA','A_C_48'),('LHL','A_C_48'),('OHL','A_C_11'),('HoH','A_I_02'),('SBN','A_I_19'),('ATM','A_C_16'),('CP','A_T_01'),('CT','A_T_02'),('OHL','A_T_03'),('CRV','A_T_04'),('FLR','A_T_05'),('AGR','A_T_05'),('LS','A_T_05'),('TB','A_T_06'),('SXD','A_T_07'),('HWE','A_T_08'),('PB','A_T_09'),('VH','A_T_09'),('CD','A_T_09'),('HuH','A_T_10'),('JLGS','A_T_11'),('FSG','A_T_11'),('MCHA','A_T_12'),('FHH','A_T_13'),('AMC','A_T_14'),('JEFL','A_T_15'),('CSS','A_T_16'),('FZ','A_T_17'),('SBN','A_T_18'),('MLO','A_T_19'),('VG','A_T_20'),('AWP','A_T_20'),('AHV','A_T_21'),('OHL','A_T_21'),('DHF','A_T_22'),('JLFM','A_T_22'),('AFC','A_T_22'),('AAP','A_T_22'),('SNU','A_T_23'),('RJB','A_T_23'),('EPB','A_T_24'),('FMHA','A_T_25'),('FL','A_T_26'),('FLJ','A_T_27'),('AIM','A_T_28'),('MEC','A_T_29'),('VMR','A_T_29'),('GUB','A_T_29'),('JCLV','A_T_29'),('SBN','A_T_30'),('SMA','A_T_31'),('HM','A_T_31'),('FZ','A_T_32'),('SBN','A_T_33'),('EA','A_T_34'),('IG','A_T_35'),('RHV','A_T_35'),('RE','A_T_31'),('AGM','A_T_36'),('FCS','A_T_37'),('ATM','A_T_37'),('HA','A_T_38'),('AMCH','A_T_38'),('LAR','A_T_39'),('ML','A_T_38'),('LMRS','A_I_08'),('JFR','A_C_14'),('JFR','A_T_01'),('BJM','M_I_01'),('ADB','M_I_02'),('AIRG','M_I_02'),('FT','M_I_02'),('GZ','M_I_03'),('BJM','M_I_04'),('LR','M_I_05'),('AH','M_I_06'),('AH','M_I_07'),('CP','M_I_08'),('DBH','M_I_09'),('TM','M_I_10'),('CC','M_I_11'),('FLR','M_I_11'),('LS','M_I_11'),('EFB','M_I_12'),('JW','M_I_14'),('WZ','M_I_15'),('TB','M_I_16'),('CHG','M_I_17'),('EO','M_I_17'),('AD','M_I_18'),('JR','M_I_19'),('TB','M_I_20'),('CBG','M_I_21'),('EFB','M_I_21'),('LM','M_I_22'),('RMV','M_I_23'),('GK','M_I_13'),('AIRG','P_I_02'),('VG','P_T_03'),('AWP','P_T_03'),('MC','P_T_02'),('DAA','P_T_04'),('OMH','P_T_04'),('MJSS','P_T_04'),('ECSV','P_T_04'),('MGC','P_T_05'),('MCL','P_T_05'),('DAA','P_T_06'),('GCA','P_T_06'),('JWM','P_T_07'),('JDS','P_T_07'),('CNJ','P_M_01'),('LRO','P_M_01'),('JPB','P_N_01'),('DTL','P_N_01'),('MaS','P_N_02'),('FrL','P_N_02'),('JASK','P_N_01'),('MO','P_N_01'),('FC','P_N_02'),('DC','P_N_02'),('ATM','A_T_40'),('RPM','A_T_40'),('MIC','A_T_42'),('FHH','A_T_42');
/*!40000 ALTER TABLE `libros_autores` ENABLE KEYS */;
UNLOCK TABLES;

--
-- Table structure for table `libros_autores_aux`
--

DROP TABLE IF EXISTS `libros_autores_aux`;
/*!40101 SET @saved_cs_client     = @@character_set_client */;
/*!40101 SET character_set_client = utf8 */;
CREATE TABLE `libros_autores_aux` (
  `id_libros` int(11) NOT NULL DEFAULT 0,
  `id_autores` int(11) NOT NULL DEFAULT 0
) ENGINE=InnoDB DEFAULT CHARSET=latin1;
/*!40101 SET character_set_client = @saved_cs_client */;

--
-- Dumping data for table `libros_autores_aux`
--

LOCK TABLES `libros_autores_aux` WRITE;
/*!40000 ALTER TABLE `libros_autores_aux` DISABLE KEYS */;
INSERT INTO `libros_autores_aux` VALUES (90,1),(120,2),(11,3),(146,5),(130,6),(17,7),(23,7),(90,8),(9,9),(104,9),(14,10),(73,10),(31,11),(134,12),(135,12),(89,13),(8,14),(96,14),(111,14),(130,15),(153,15),(165,15),(82,16),(106,17),(16,18),(12,19),(13,19),(39,20),(65,21),(25,22),(28,23),(6,24),(16,25),(105,25),(108,25),(6,26),(57,27),(88,28),(159,28),(24,29),(2,30),(129,31),(132,31),(19,32),(11,33),(149,34),(139,35),(77,36),(145,37),(116,38),(117,38),(120,38),(154,39),(3,40),(4,40),(26,40),(50,40),(69,40),(128,40),(136,40),(7,41),(30,41),(54,41),(72,42),(25,43),(84,44),(70,45),(56,46),(5,47),(30,48),(157,49),(160,49),(162,49),(137,50),(156,51),(64,52),(90,53),(155,54),(102,55),(157,56),(160,56),(140,57),(149,57),(145,58),(92,59),(29,60),(166,61),(30,62),(12,63),(13,63),(6,64),(20,65),(16,66),(156,67),(105,68),(81,69),(109,69),(68,70),(94,70),(95,71),(12,72),(13,72),(73,72),(139,72),(93,73),(8,74),(156,75),(18,76),(79,77),(130,78),(85,79),(100,79),(30,80),(162,81),(141,82),(49,83),(97,84),(3,85),(4,85),(18,86),(131,87),(106,88),(99,89),(23,90),(50,91),(164,92),(27,93),(7,94),(24,95),(66,95),(78,96),(76,97),(103,98),(67,99),(24,100),(167,101),(112,102),(113,102),(115,102),(122,102),(123,102),(124,102),(22,103),(60,103),(64,103),(16,104),(39,104),(44,104),(47,104),(60,104),(29,105),(3,106),(4,106),(15,106),(1,107),(15,107),(49,107),(155,108),(6,109),(97,110),(14,111),(163,112),(83,113),(14,114),(69,114),(24,115),(66,115),(29,116),(9,117),(66,118),(90,119),(79,120),(18,121),(27,122),(39,123),(44,123),(47,123),(62,123),(61,124),(20,125),(31,125),(28,126),(21,127),(155,128),(147,129),(39,131),(44,131),(47,131),(142,132),(163,133),(65,134),(39,135),(107,135),(31,136),(53,136),(42,137),(9,138),(52,138),(55,138),(59,138),(60,138),(62,138),(27,139),(36,139),(37,139),(38,139),(40,139),(41,139),(43,139),(45,139),(46,139),(48,139),(169,140),(11,141),(150,141),(118,142),(56,143),(42,144),(54,144),(28,145),(51,146),(166,146),(133,147),(154,148),(5,149),(73,149),(139,149),(3,150),(4,150),(5,151),(32,151),(34,151),(35,151),(36,151),(37,151),(38,151),(40,151),(41,151),(43,151),(45,151),(46,151),(48,151),(128,151),(24,152),(156,153),(1,154),(158,154),(80,155),(161,156),(168,157),(170,157),(14,158),(52,158),(55,158),(59,158),(97,158),(29,159),(161,160),(109,161),(157,162),(160,162),(106,163),(87,164),(110,165),(114,165),(118,165),(121,165),(9,166),(22,167),(155,168),(167,169),(22,170),(118,171),(22,172),(66,173),(11,174),(71,174),(89,174),(157,175),(160,175),(68,177),(8,178),(77,178),(31,179),(25,180),(119,181),(112,182),(113,182),(115,182),(116,182),(117,182),(120,182),(123,182),(124,182),(99,183),(21,184),(54,185),(103,185),(91,186),(20,187),(17,188),(23,188),(151,188),(108,189),(27,190),(64,190),(25,191),(32,191),(34,191),(35,191),(61,192),(20,193),(115,194),(122,194),(123,194),(122,195),(67,196),(86,196),(98,196),(101,196),(152,197),(26,198),(128,198),(10,199),(67,199),(99,199),(91,200),(18,201),(8,202),(61,202),(75,203),(74,204),(144,204),(148,204),(138,205),(58,206),(88,207),(159,207),(77,208),(97,209),(12,210),(13,210),(24,211),(63,212),(7,213),(143,214),(15,215),(51,215),(53,215);
/*!40000 ALTER TABLE `libros_autores_aux` ENABLE KEYS */;
UNLOCK TABLES;

--
-- Table structure for table `libros_aux`
--

DROP TABLE IF EXISTS `libros_aux`;
/*!40101 SET @saved_cs_client     = @@character_set_client */;
/*!40101 SET character_set_client = utf8 */;
CREATE TABLE `libros_aux` (
  `id_libros` int(11) NOT NULL AUTO_INCREMENT,
  `titulo` varchar(200) CHARACTER SET utf8 NOT NULL,
  `serie` char(20) CHARACTER SET utf8 NOT NULL DEFAULT 'N/A',
  `coleccion` varchar(60) CHARACTER SET utf8 NOT NULL,
  `num_serie` tinyint(3) unsigned NOT NULL,
  PRIMARY KEY (`id_libros`)
) ENGINE=InnoDB AUTO_INCREMENT=171 DEFAULT CHARSET=latin1;
/*!40101 SET character_set_client = @saved_cs_client */;

--
-- Dumping data for table `libros_aux`
--

LOCK TABLES `libros_aux` WRITE;
/*!40000 ALTER TABLE `libros_aux` DISABLE KEYS */;
INSERT INTO `libros_aux` VALUES (1,'Programa de investigación del XVIII Congreso Nacional de la  Sociedad Matemática Mexicana. Memorias. Mérida, México 1984.','Comunicaciones','Aportaciones Matemáticas',1),(2,'Teoremas límite de alta densidad para campos aleatorios ramificados','Comunicaciones','Aportaciones Matemáticas',2),(3,'Programa del XIX Congreso Nacional de la sociedad Matemática Mexicana, Vol. I. Memorias. Guadalajara, México 1986.','Comunicaciones','Aportaciones Matemáticas',3),(4,'Programa del XIX Congreso Nacional de la Sociedad Matemática Mexicana, Vol. II. Memorias. Guadalajara, México 1986.','Comunicaciones','Aportaciones Matemáticas',4),(5,'Programa del XX Congreso Nacional de la Sociedad Matemática Mexicana. Memorias. Xalapa, México 1987.','Comunicaciones','Aportaciones Matemáticas',5),(6,'XXI Congreso Nacional de la Sociedad Matemática Mexican. Memorias. Hermosillo, Sonora 1988.','Comunicaciones','Aportaciones Matemáticas',6),(7,'Breve introducción a códigos detectores-correctores de error','Comunicaciones','Aportaciones Matemáticas',7),(8,'XXII Congreso Nacional de la Sociedad Matemática Mexicana. Memorias. Puebla, Puebla 1989.','Comunicaciones','Aportaciones Matemáticas',8),(9,'XXIII Congreso Nacional de la Sociedad Matemática Mexicana. Memorias. Guanajuato, México 1990.','Comunicaciones','Aportaciones Matemáticas',9),(10,'La estructura de los dendroides suaves','Comunicaciones','Aportaciones Matemáticas',10),(11,'XXIV Congreso Nacional de la Sociedad Matemática Mexicana Memorias. Oaxtepec, Morelos 1991.','Comunicaciones','Aportaciones Matemáticas',11),(12,'XXV Congreso Nacional de la Sociedad Matemática Mexicana Vol. I. Memorias. Xalapa, Veracruz 1992.','Comunicaciones','Aportaciones Matemáticas',12),(13,'XXV Congreso Nacional de la Sociedad Matemática Mexicana Vol. II. Memorias. Xalapa, Veracruz 1992.','Comunicaciones','Aportaciones Matemáticas',13),(14,'XXVI Congreso Nacional de la Sociedad Matemática Mexicana. Memorias. Morelia, Michoacán 1993.','Comunicaciones','Aportaciones Matemáticas',14),(15,'XI Escuela Latinoamericana de Matemáticas. Memorias. UNAM, México, D.F.; CIMAT, Gto. 1993.','Comunicaciones','Aportaciones Matemáticas',15),(16,'XXVII Congreso Nacional de la Sociedad Matemática Mexicana. Memorias. Querétaro, Querétaro 1994.','Comunicaciones','Aportaciones Matemáticas',16),(17,'Grupo de estudio con la industria y cursos en matemáticas industriales. Memorias. Oaxaca, Oaxaca 1995.','Comunicaciones','Aportaciones Matemáticas',17),(18,'XXVIII Congreso Nacional de la Sociedad Matemática Mexicana. Memorias. Colima, Colima 1995.','Comunicaciones','Aportaciones Matemáticas',18),(19,'Problemas combinatorios sobre conjuntos finitos de puntos','Comunicaciones','Aportaciones Matemáticas',19),(20,'XXIX Congreso Nacional de la Sociedad Matemática Mexicana. Memorias. San Luis Potosí, SLP 1996.','Comunicaciones','Aportaciones Matemáticas',20),(21,'IV Escuela de verano de geometría y sistemas dinámicos. Memorias. Cimat, Guanajuato 1997.','Comunicaciones','Aportaciones Matemáticas',21),(22,'XXX Congreso Nacional de la Sociedad Matemática Mexicana. Memorias. Aguascalientes, Ags. 1997.','Comunicaciones','Aportaciones Matemáticas',22),(23,'Segundo grupo de estudio con la industria y cursos en matemáticas industriales. Memorias. Cocoyoc, Mor., México. 1997','Comunicaciones','Aportaciones Matemáticas',23),(24,'3rd International conference on approximation and optimization in the Caribean. Proceedings. Puebla, México. 1995.','Comunicaciones','Aportaciones Matemáticas',24),(25,'XXXI Congreso Nacional de la Sociedad Matemática Mexicana. Memorias. Hermosillo, Son. 1998.','Comunicaciones','Aportaciones Matemáticas',25),(26,'Tendencias interdisciplinarias en las matemáticas.','Comunicaciones','Aportaciones Matemáticas',26),(27,'XXXII Congreso nacional de la Sociedad Matemática Mexicana. Memorias. Guadalajara, Jal. 1999.','Comunicaciones','Aportaciones Matemáticas',27),(28,'Lecturas básicas en topología general','Comunicaciones','Aportaciones Matemáticas',28),(29,'XXXIII Congreso nacional de la Sociedad Matemática Mexicana. Memorias. Saltillo, Coah. 2000.','Comunicaciones','Aportaciones Matemáticas',29),(30,'XXXIV Congreso Nacional de la Sociedad Matemática Mexicana. Memorias. Toluca, M ́ex. 2001.','Comunicaciones','Aportaciones Matemáticas',30),(31,'Tópicos de Geometría Algebraica','Comunicaciones','Aportaciones Matemáticas',31),(32,'XXXV Congreso Nacional de la Sociedad Matemática Mexicana. Memorias. Durango, Dgo. 2002.','Comunicaciones','Aportaciones Matemáticas',32),(33,'(Número Cancelado)','Comunicaciones','Aportaciones Matemáticas',33),(34,'XXXVI Congreso Nacional de la Sociedad Matemática Mexicana. Memorias. Pachuca, Hgo. 2003.','Comunicaciones','Aportaciones Matemáticas',34),(35,'Memorias de la Sociedad Matemática Mexicana. (2005)','Comunicaciones','Aportaciones Matemáticas',35),(36,'Memorias de la Sociedad Matemática Mexicana. (2006)','Comunicaciones','Aportaciones Matemáticas',36),(37,'Memorias de la Sociedad Matemática Mexicana. (2007)','Comunicaciones','Aportaciones Matemáticas',37),(38,'Memorias de la Sociedad Matemática Mexicana. (2008)','Comunicaciones','Aportaciones Matemáticas',38),(39,'Modelos en estadística y probabilidad','Comunicaciones','Aportaciones Matemáticas',39),(40,'Memorias de la Sociedad Matemática Mexicana. (2009)','Comunicaciones','Aportaciones Matemáticas',40),(41,'Memorias de la Sociedad Matemática Mexicana. (2010)','Comunicaciones','Aportaciones Matemáticas',41),(42,'Las matemáticas a través de los 50 años de la ESFM del IPN.','Comunicaciones','Aportaciones Matemáticas',42),(43,'Memorias de la Sociedad Matemática Mexicana. (2011)','Comunicaciones','Aportaciones Matemáticas',43),(44,'Modelos en estadística y probabilidad II','Comunicaciones','Aportaciones Matemáticas',44),(45,'Memorias de la Sociedad Matemática Mexicana. (2012)','Comunicaciones','Aportaciones Matemáticas',45),(46,'Memorias de la Sociedad Matemática Mexicana. (2013)','Comunicaciones','Aportaciones Matemáticas',46),(47,'Modelos en estadística y probabilidad III','Comunicaciones','Aportaciones Matemáticas',47),(48,'Memorias de la Sociedad Matemática Mexicana. (2014)','Comunicaciones','Aportaciones Matemáticas',48),(49,'Coloquio de sistemas dinámicos. Memorias. Guanajuato, México, 1983.','Investigación','Aportaciones Matemáticas',1),(50,'Categorical Topology - The Complete Work of Graciela Salicrup','Investigación','Aportaciones Matemáticas',2),(51,'Sistemas dinámicos holomorfos en superficies','Investigación','Aportaciones Matemáticas',3),(52,'Simposio de probabilidad y procesos estocásticos. Memorias. Guanajuato, México 1988.','Investigación','Aportaciones Matemáticas',4),(53,'Topics in Algebraic Geometry. Proceedings. Guanajuato, Mexico1989.','Investigación','Aportaciones Matemáticas',5),(54,'Seminario internacional de álgebra y sus aplicaciones. Memorias. México 1991.','Investigación','Aportaciones Matemáticas',6),(55,'II Simposio de probabilidad y procesos estocásticos. I Encuentro México-Chile de análisis escolásticos. Memorias. Guanajuato, México 1992.','Investigación','Aportaciones Matemáticas',7),(56,'Taller de geometría diferencial sobre espacios de geometrías. Memorias. Guanajuato, Mexico 1992.','Investigación','Aportaciones Matemáticas',8),(57,'Poblaciones aleatorias ramificadas y sus equilibrios','Investigación','Aportaciones Matemáticas',9),(58,'Una introducción a la geometría computacional a través de los teoremas de la galería de arte','Investigación','Aportaciones Matemáticas',10),(59,'III Simposio de probabilidad y procesos estocásticos. Memorias. Hermosillo, México 1994.','Investigación','Aportaciones Matemáticas',11),(60,'IV Simposio de probabilidad y procesos estocásticos. Memorias. Guanajuato, México 1996.','Investigación','Aportaciones Matemáticas',12),(61,'Taller de variedades abelianas y funciones theta. Memorias. Morelia, Mich., México 1996','Investigación','Aportaciones Matemáticas',13),(62,'Modelos estocásticos','Investigación','Aportaciones Matemáticas',14),(63,'Inverse Limits','Investigación','Aportaciones Matemáticas',15),(64,'Modelos estocásticos II','Investigación','Aportaciones Matemáticas',16),(65,'Topics in Infinitely Divisible Distributions and Lévy Processes','Investigación','Aportaciones Matemáticas',17),(66,'Parametric Optimization and Related Topics VII','Investigación','Aportaciones Matemáticas',18),(67,'Continuum Theory: in Honor of Professor David P. Bellamy on the Occasion of this 60th. Birthday','Investigación','Aportaciones Matemáticas',19),(68,'Proceedings of the Fourteenth International Conference on Fibonacci Numbers and Their Applications','Investigación','Aportaciones Matemáticas',20),(69,'Introducción a la topología – Graciela Salicrup','Textos','Aportaciones Matemáticas',1),(70,'Procesos estocásticos','Textos','Aportaciones Matemáticas',2),(71,'Lectures on Continuous-Time Markov Control Processes','Textos','Aportaciones Matemáticas',3),(72,'Un curso de lógica matemática','Textos','Aportaciones Matemáticas',4),(73,'Rudimentos de mansedumbre y salvajismo en teoría de representaciones','Textos','Aportaciones Matemáticas',5),(74,'Teoría general de procesos e integración estocástica','Textos','Aportaciones Matemáticas',6),(75,'Intersection Theory','Textos','Aportaciones Matemáticas',7),(76,'Inverse Problems','Textos','Aportaciones Matemáticas',8),(77,'El ABC de los splines','Textos','Aportaciones Matemáticas',9),(78,'Lo antiguo y lo nuevo acerca de los conjuntos convexos','Textos','Aportaciones Matemáticas',10),(79,'Matemáticas para las ciencias naturales','Textos','Aportaciones Matemáticas',11),(80,'Introducción a la teoría de redes','Textos','Aportaciones Matemáticas',12),(81,'Teoría de conjuntos (una introducción)','Textos','Aportaciones Matemáticas',13),(82,'Lectures on Quantum Probability','Textos','Aportaciones Matemáticas',14),(83,'Construcción de procesos autosimilares con variancia finita','Textos','Aportaciones Matemáticas',15),(84,'Grupos algebraicos y teoría de invariantes','Textos','Aportaciones Matemáticas',16),(85,'Cohomología de Galois de campos locales','Textos','Aportaciones Matemáticas',17),(86,'Dimension Theory: An Introduction with Exercises','Textos','Aportaciones Matemáticas',18),(87,'Cómputo numérico con aritmética de punto flotante IEEE. Con un teorema, una regla empírica y ciento un ejercicios','Textos','Aportaciones Matemáticas',19),(88,'Topología diferencial','Textos','Aportaciones Matemáticas',20),(89,'Elementos de probabilidad y estadística','Textos','Aportaciones Matemáticas',21),(90,'Topología general','Textos','Aportaciones Matemáticas',22),(91,'Introducción a los grupos topológicos de transformaciones','Textos','Aportaciones Matemáticas',23),(92,'Breviario de teoría analítica de los números','Textos','Aportaciones Matemáticas',24),(93,'Cálculo de probabilidades','Textos','Aportaciones Matemáticas',25),(94,'Números primos y aplicaciones','Textos','Aportaciones Matemáticas',26),(95,'Historia y desarrollo de la teoría de los continuos indescomponibles','Textos','Aportaciones Matemáticas',27),(96,'Hiperespacios de continuos','Textos','Aportaciones Matemáticas',28),(97,'Cadenas de Markov','Textos','Aportaciones Matemáticas',29),(98,'The Fixed Point Property for Continua','Textos','Aportaciones Matemáticas',30),(99,'Invitación a la teoría de los continuos y sus hiperespacios','Textos','Aportaciones Matemáticas',31),(100,'Introducción a la teoría de grupos','Textos','Aportaciones Matemáticas',32),(101,'Hyperspaces of Sets. A text With Research Questions','Textos','Aportaciones Matemáticas',33),(102,'Introducción a la optimización no lineal','Textos','Aportaciones Matemáticas',34),(103,'Graphs, Rings and Polyhedra','Textos','Aportaciones Matemáticas',35),(104,'Introducción a la topología de conjuntos','Textos','Aportaciones Matemáticas',36),(105,'Elementos de topología general','Textos','Aportaciones Matemáticas',37),(106,'Cálculo','Textos','Aportaciones Matemáticas',38),(107,'Curso elemental de probabilidad y estadística','Textos','Aportaciones Matemáticas',39),(108,'Álgebras booleanas y espacios topológicos','Textos','Aportaciones Matemáticas',40),(109,'Introducción a la teoría de la medida','Textos','Aportaciones Matemáticas',42),(110,'Combinatoria','N/A','Cuadernos de Olimpiadas de Matemáticas',1),(111,'Principios de olimpiada','N/A','Cuadernos de Olimpiadas de Matemáticas',2),(112,'Geometría','N/A','Cuadernos de Olimpiadas de Matemáticas',3),(113,'Geometría. Ejercicios y problemas','N/A','Cuadernos de Olimpiadas de Matemáticas',4),(114,'Teoría de números','N/A','Cuadernos de Olimpiadas de Matemáticas',5),(115,'Desigualdades','N/A','Cuadernos de Olimpiadas de Matemáticas',6),(116,'Olimpiadas en SLP, elemental','N/A','Cuadernos de Olimpiadas de Matemáticas',7),(117,'Olimpiadas en SLP, avanzado','N/A','Cuadernos de Olimpiadas de Matemáticas',8),(118,'Matemáticas preolímpicas','N/A','Cuadernos de Olimpiadas de Matemáticas',9),(119,'Combinatoria para olimpiadas internacionales','N/A','Cuadernos de Olimpiadas de Matemáticas',10),(120,'Problemas avanzados de olimpiada','N/A','Cuadernos de Olimpiadas de Matemáticas',11),(121,'Combinatoria avanzada','N/A','Cuadernos de Olimpiadas de Matemáticas',12),(122,'Principio de las casillas','N/A','Cuadernos de Olimpiadas de Matemáticas',13),(123,'Álgebra','N/A','Cuadernos de Olimpiadas de Matemáticas',14),(124,'Inequalities','N/A','Cuadernos de Olimpiadas de Matemáticas',6),(125,'Memorias del 50 Aniversario del Instituto de Matemáticas. 1942-1992','N/A','Ediciones Especiales',0),(126,'Matemáticas en la UNAM. Memorias del 60 Aniversario del Instituto de Matemáticas','N/A','Ediciones Especiales',0),(127,'Alberto Barajas, su oratoria, sus matemáticas y sus enseñanzas','N/A','Ediciones Especiales',0),(128,'Topología algebraica. Un enfoque homotópico','N/A','Ediciones Especiales',0),(129,'Localization in Noncommutative Rings','N/A','Monografías del Instituto de Matemáticas',1),(130,'Teoría de los números algebraicos','N/A','Monografías del Instituto de Matemáticas',2),(131,'Integrales de medida positiva','N/A','Monografías del Instituto de Matemáticas',3),(132,'Rings With Polynomial Identities','N/A','Monografías del Instituto de Matemáticas',4),(133,'Grupos profinitos, grupos libres y productos libres','N/A','Monografías del Instituto de Matemáticas',5),(134,'Introducción a la teoría de las clases características en la geometría algebraica','N/A','Monografías del Instituto de Matemáticas',6),(135,'Embeddings, Projective Invariants and Classifications','N/A','Monografías del Instituto de Matemáticas',7),(136,'The Relative Spectral Sequence of Leray-Serre for Fibrations Pairs','N/A','Monografías del Instituto de Matemáticas',8),(137,'Caminatas aleatorias y movimiento browniano','N/A','Monografías del Instituto de Matemáticas',9),(138,'On Polarized Varieties','N/A','Monografías del Instituto de Matemáticas',10),(139,'Métodos diagramáticos en teoría de representaciones','N/A','Monografías del Instituto de Matemáticas',11),(140,'Espacios simplécticos sobre ß-anillos y anillos de Hermite, transvecciones simplécticas','N/A','Monografías del Instituto de Matemáticas',12),(141,'Abelian Integrals','N/A','Monografías del Instituto de Matemáticas',13),(142,'On Selfinjective Algebras of Finite Representation Type','N/A','Monografías del Instituto de Matemáticas',14),(143,'On Ideal Theory in Banach and Topological Algebras','N/A','Monografías del Instituto de Matemáticas',15),(144,'Teoría general de procesos e integración estocástica','N/A','Monografías del Instituto de Matemáticas',16),(145,'La figura espectral de operadores','N/A','Monografías del Instituto de Matemáticas',17),(146,'Teoría de punto fijo','N/A','Monografías del Instituto de Matemáticas',18),(147,'Projective Embeddings of Algebraic Varieties','N/A','Monografías del Instituto de Matemáticas',19),(148,'Teoría general de procesos e integración estocástica','N/A','Monografías del Instituto de Matemáticas',20),(149,'Análisis funcional I','N/A','Monografías del Instituto de Matemáticas',21),(150,'Introducción a la topología de las variedades de dimensión infinita','N/A','Monografías del Instituto de Matemáticas',22),(151,'Introducción a la teoría de representaciones de álgebras','N/A','Monografías del Instituto de Matemáticas',23),(152,'Dos o tres trazos','Icosaedro','Papirhos',1),(153,'Cónicas, cuádricas y aplicaciones','Icosaedro','Papirhos',2),(154,'Por la senda de los círculos','Mixbaal','Papirhos',1),(155,'Teoría de singularidades en topología, geometría y foliaciones I','Notas','Papirhos',1),(156,'Teoría de singularidades en topología, geometría y foliaciones II','Notas','Papirhos',2),(157,'Grupos I','Textos','Papirhos',1),(158,'Análisis matemático','Textos','Papirhos',2),(159,'Topología diferencial','Textos','Papirhos',3),(160,'Grupos II','Textos','Papirhos',4),(161,'Geometría euclidiana bidimensional','Textos','Papirhos',5),(162,'Curso introductorio de Álgebra I','Textos','Papirhos',6),(163,'Clases características','Textos','Papirhos',7),(164,'Cuando cuentes cuántos...','N/A','Temas de Matemáticas para bachillerato',1),(165,'Sistemas de ecuaciones y desigualdades','N/A','Temas de Matemáticas para bachillerato',2),(166,'La historia de un empujón: un vistazo a las ecuaciones y los sistemas dinámicos','N/A','Temas de Matemáticas para bachillerato',3),(167,'Estadística descriptiva para bachillerato','N/A','Temas de Matemáticas para bachillerato',5),(168,'Relaciones de equivalencia','N/A','Temas de Matemáticas para bachillerato',6),(169,'Mosaicos','N/A','Temas de Matemáticas para bachillerato',7),(170,'Funciones circulares','N/A','Temas de Matemáticas para bachillerato',8);
/*!40000 ALTER TABLE `libros_aux` ENABLE KEYS */;
UNLOCK TABLES;

--
-- Table structure for table `libros_compiladores`
--

DROP TABLE IF EXISTS `libros_compiladores`;
/*!40101 SET @saved_cs_client     = @@character_set_client */;
/*!40101 SET character_set_client = utf8 */;
CREATE TABLE `libros_compiladores` (
  `id_autor` char(4) NOT NULL,
  `id_libro` char(6) NOT NULL,
  KEY `id_autor` (`id_autor`),
  KEY `id_libro` (`id_libro`)
) ENGINE=InnoDB DEFAULT CHARSET=utf8;
/*!40101 SET character_set_client = @saved_cs_client */;

--
-- Dumping data for table `libros_compiladores`
--

LOCK TABLES `libros_compiladores` WRITE;
/*!40000 ALTER TABLE `libros_compiladores` DISABLE KEYS */;
INSERT INTO `libros_compiladores` VALUES ('LOB','P_N_01'),('JS','P_N_01'),('LOB','P_N_02'),('JS','P_N_02');
/*!40000 ALTER TABLE `libros_compiladores` ENABLE KEYS */;
UNLOCK TABLES;

--
-- Table structure for table `libros_lista_completa`
--

DROP TABLE IF EXISTS `libros_lista_completa`;
/*!40101 SET @saved_cs_client     = @@character_set_client */;
/*!40101 SET character_set_client = utf8 */;
CREATE TABLE `libros_lista_completa` (
  `id_libro` char(6) NOT NULL,
  `tipo` char(1) NOT NULL,
  `coleccion` varchar(60) NOT NULL,
  `serie` char(20) NOT NULL DEFAULT 'N/A',
  `num_serie` tinyint(3) unsigned NOT NULL,
  `titulo` varchar(200) NOT NULL,
  `isbn` char(21) NOT NULL DEFAULT 'N/A',
  `edicion` char(3) NOT NULL,
  `reimpresion` char(3) NOT NULL DEFAULT '0',
  `tiraje` char(4) NOT NULL,
  `fecha` date NOT NULL,
  `notas` varchar(200) NOT NULL,
  PRIMARY KEY (`id_libro`)
) ENGINE=InnoDB DEFAULT CHARSET=utf8;
/*!40101 SET character_set_client = @saved_cs_client */;

--
-- Dumping data for table `libros_lista_completa`
--

LOCK TABLES `libros_lista_completa` WRITE;
/*!40000 ALTER TABLE `libros_lista_completa` DISABLE KEYS */;
INSERT INTO `libros_lista_completa` VALUES ('A_C_01','E','Aportaciones Matemáticas','Comunicaciones',1,'Programa de investigación del XVIII Congreso Nacional de la  Sociedad Matemática Mexicana. Memorias. Mérida, México 1984.','No tiene','1','0','500','1986-06-23',''),('A_C_02','E','Aportaciones Matemáticas','Comunicaciones',2,'Teoremas límite de alta densidad para campos aleatorios ramificados','No tiene','1','0','500','1986-01-01',''),('A_C_03','E','Aportaciones Matemáticas','Comunicaciones',3,'Programa del XIX Congreso Nacional de la sociedad Matemática Mexicana, Vol. I. Memorias. Guadalajara, México 1986.','968-36-0307-6','1','0','500','1987-01-01',''),('A_C_04','E','Aportaciones Matemáticas','Comunicaciones',4,'Programa del XIX Congreso Nacional de la Sociedad Matemática Mexicana, Vol. II. Memorias. Guadalajara, México 1986.','968-36-0308-4','1','0','500','1987-01-01',''),('A_C_05','E','Aportaciones Matemáticas','Comunicaciones',5,'Programa del XX Congreso Nacional de la Sociedad Matemática Mexicana. Memorias. Xalapa, México 1987.','968-36-0632-6','1','0','500','1988-01-01',''),('A_C_06','E','Aportaciones Matemáticas','Comunicaciones',6,'XXI Congreso Nacional de la Sociedad Matemática Mexican. Memorias. Hermosillo, Sonora 1988.','968-36-1156-7','1','0','500','1989-01-01',''),('A_C_07','E','Aportaciones Matemáticas','Comunicaciones',7,'Breve introducción a códigos detectores-correctores de error','No tiene','1','0','500','1990-01-01',''),('A_C_08','E','Aportaciones Matemáticas','Comunicaciones',8,'XXII Congreso Nacional de la Sociedad Matemática Mexicana. Memorias. Puebla, Puebla 1989.','968-36-1666-6','1','0','750','1990-01-01',''),('A_C_09','E','Aportaciones Matemáticas','Comunicaciones',9,'XXIII Congreso Nacional de la Sociedad Matemática Mexicana. Memorias. Guanajuato, México 1990.','968-36-2162-7','1','0','500','1990-01-01',''),('A_C_10','E','Aportaciones Matemáticas','Comunicaciones',10,'La estructura de los dendroides suaves','968-36-3246-7','1','0','500','1993-01-01',''),('A_C_11','E','Aportaciones Matemáticas','Comunicaciones',11,'XXIV Congreso Nacional de la Sociedad Matemática Mexicana Memorias. Oaxtepec, Morelos 1991.','968-36-2675-5','1','0','750','1992-01-01',''),('A_C_12','E','Aportaciones Matemáticas','Comunicaciones',12,'XXV Congreso Nacional de la Sociedad Matemática Mexicana Vol. I. Memorias. Xalapa, Veracruz 1992.','968-36-3280-7','1','0','750','1993-01-01',''),('A_C_13','E','Aportaciones Matemáticas','Comunicaciones',13,'XXV Congreso Nacional de la Sociedad Matemática Mexicana Vol. II. Memorias. Xalapa, Veracruz 1992.','968-36-3281-5','1','0','750','1993-01-01',''),('A_C_14','E','Aportaciones Matemáticas','Comunicaciones',14,'XXVI Congreso Nacional de la Sociedad Matemática Mexicana. Memorias. Morelia, Michoacán 1993.','968-36-3929-1','1','0','750','1994-01-01',''),('A_C_15','E','Aportaciones Matemáticas','Comunicaciones',15,'XI Escuela Latinoamericana de Matemáticas. Memorias. UNAM, México, D.F.; CIMAT, Gto. 1993.','968-36-4238-1','1','0','500','1994-01-01',''),('A_C_16','E','Aportaciones Matemáticas','Comunicaciones',16,'XXVII Congreso Nacional de la Sociedad Matemática Mexicana. Memorias. Querétaro, Querétaro 1994.','968-36-4616-6','1','0','750','1995-01-01',''),('A_C_17','E','Aportaciones Matemáticas','Comunicaciones',17,'Grupo de estudio con la industria y cursos en matemáticas industriales. Memorias. Oaxaca, Oaxaca 1995.','968-36-4948-3','1','0','500','1996-01-01',''),('A_C_18','E','Aportaciones Matemáticas','Comunicaciones',18,'XXVIII Congreso Nacional de la Sociedad Matemática Mexicana. Memorias. Colima, Colima 1995.','968-36-5409-6','1','0','750','1996-01-01',''),('A_C_19','E','Aportaciones Matemáticas','Comunicaciones',19,'Problemas combinatorios sobre conjuntos finitos de puntos','968-36-5771-0','1','0','500','1997-01-01',''),('A_C_20','E','Aportaciones Matemáticas','Comunicaciones',20,'XXIX Congreso Nacional de la Sociedad Matemática Mexicana. Memorias. San Luis Potosí, SLP 1996.','968-36-6261-7','1','0','750','1997-01-01',''),('A_C_21','E','Aportaciones Matemáticas','Comunicaciones',21,'IV Escuela de verano de geometría y sistemas dinámicos. Memorias. Cimat, Guanajuato 1997.','968-36-6+853-4','1','0','300','1998-01-01',''),('A_C_22','E','Aportaciones Matemáticas','Comunicaciones',22,'XXX Congreso Nacional de la Sociedad Matemática Mexicana. Memorias. Aguascalientes, Ags. 1997.','968-36-7196-9','1','0','700','1998-01-01',''),('A_C_23','E','Aportaciones Matemáticas','Comunicaciones',23,'Segundo grupo de estudio con la industria y cursos en matemáticas industriales. Memorias. Cocoyoc, Mor., México. 1997','968-36-7309-0','1','0','300','1999-01-01',''),('A_C_24','E','Aportaciones Matemáticas','Comunicaciones',24,'3rd International conference on approximation and optimization in the Caribean. Proceedings. Puebla, México. 1995.','968-36-7074-1','1','0','300','1998-01-01',''),('A_C_25','E','Aportaciones Matemáticas','Comunicaciones',25,'XXXI Congreso Nacional de la Sociedad Matemática Mexicana. Memorias. Hermosillo, Son. 1998.','968-36-7844-0','1','0','300','1999-01-01',''),('A_C_26','E','Aportaciones Matemáticas','Comunicaciones',26,'Tendencias interdisciplinarias en las matemáticas.','968-36-8314-2','1','0','300','2000-01-01',''),('A_C_27','E','Aportaciones Matemáticas','Comunicaciones',27,'XXXII Congreso nacional de la Sociedad Matemática Mexicana. Memorias. Guadalajara, Jal. 1999.','968-36-8435-1','1','0','300','2000-01-01',''),('A_C_28','E','Aportaciones Matemáticas','Comunicaciones',28,'Lecturas básicas en topología general','968-36-8831-4','1','0','500','2000-01-01',''),('A_C_29','E','Aportaciones Matemáticas','Comunicaciones',29,'XXXIII Congreso nacional de la Sociedad Matemática Mexicana. Memorias. Saltillo, Coah. 2000.','968-36-9631-7','1','0','650','2001-01-01',''),('A_C_30','E','Aportaciones Matemáticas','Comunicaciones',30,'XXXIV Congreso Nacional de la Sociedad Matemática Mexicana. Memorias. Toluca, M ́ex. 2001.','968-36-0225-X','1','0','650','2002-01-01',''),('A_C_31','E','Aportaciones Matemáticas','Comunicaciones',31,'Tópicos de Geometría Algebraica','970-32-0174-14','1','0','300','2002-01-01',''),('A_C_32','E','Aportaciones Matemáticas','Comunicaciones',32,'XXXV Congreso Nacional de la Sociedad Matemática Mexicana. Memorias. Durango, Dgo. 2002.','970-32-0997-1','1','0','600','2003-01-01',''),('A_C_33','E','Aportaciones Matemáticas','Comunicaciones',33,'(Número Cancelado)','N/A','N/A','N/A','0','0000-00-00',''),('A_C_34','E','Aportaciones Matemáticas','Comunicaciones',34,'XXXVI Congreso Nacional de la Sociedad Matemática Mexicana. Memorias. Pachuca, Hgo. 2003.','970-32-1731-1','1','0','300','2004-01-01',''),('A_C_35','E','Aportaciones Matemáticas','Comunicaciones',35,'Memorias de la Sociedad Matemática Mexicana. (2005)','ISSN 1870-2112 (2005)','1','0','300','2005-01-01',''),('A_C_36','E','Aportaciones Matemáticas','Comunicaciones',36,'Memorias de la Sociedad Matemática Mexicana. (2006)','ISSN 1870-2112 (2006)','1','0','450','2006-01-01',''),('A_C_37','E','Aportaciones Matemáticas','Comunicaciones',37,'Memorias de la Sociedad Matemática Mexicana. (2007)','ISSN 1870-2112 (2007)','1','0','500','2007-01-01',''),('A_C_38','E','Aportaciones Matemáticas','Comunicaciones',38,'Memorias de la Sociedad Matemática Mexicana. (2008)','ISSN 1870-2112 (2008)','1','0','500','2008-01-01',''),('A_C_39','E','Aportaciones Matemáticas','Comunicaciones',39,'Modelos en estadística y probabilidad','978-607-20-0262-3','1','0','300','2008-01-01',''),('A_C_40','E','Aportaciones Matemáticas','Comunicaciones',40,'Memorias de la Sociedad Matemática Mexicana. (2009)','ISSN 1870-2112 (2009)','1','0','500','2009-01-01',''),('A_C_41','E','Aportaciones Matemáticas','Comunicaciones',41,'Memorias de la Sociedad Matemática Mexicana. (2010)','ISSN 1870-2112 (2010)','1','0','500','2010-01-01','Número Cancelado'),('A_C_42','E','Aportaciones Matemáticas','Comunicaciones',42,'Las matemáticas a través de los 50 años de la ESFM del IPN.','978-607-02-2763-9','1','0','300','2011-01-01',''),('A_C_43','E','Aportaciones Matemáticas','Comunicaciones',43,'Memorias de la Sociedad Matemática Mexicana. (2011)','ISSN 1870-2112 (2011)','1','0','500','2011-01-01',''),('A_C_44','E','Aportaciones Matemáticas','Comunicaciones',44,'Modelos en estadística y probabilidad II','978-607-02-2633-5','1','0','300','2011-01-01',''),('A_C_45','E','Aportaciones Matemáticas','Comunicaciones',45,'Memorias de la Sociedad Matemática Mexicana. (2012)','ISSN 1870-2112 (2011)','1','0','500','2012-01-01',''),('A_C_46','E','Aportaciones Matemáticas','Comunicaciones',46,'Memorias de la Sociedad Matemática Mexicana. (2013)','ISSN 1870-2112 (2013)','1','0','500','2013-01-01',''),('A_C_47','E','Aportaciones Matemáticas','Comunicaciones',47,'Modelos en estadística y probabilidad III','978-607-02-6174-9','1','0','200','2014-01-01',''),('A_C_48','E','Aportaciones Matemáticas','Comunicaciones',48,'Memorias de la Sociedad Matemática Mexicana. (2014)','ISSN 1870-2112 (2014)','1','0','500','2014-01-01',''),('A_I_01','E','Aportaciones Matemáticas','Investigación',1,'Coloquio de sistemas dinámicos. Memorias. Guanajuato, México, 1983.','No tiene','1','0','500','1985-01-01',''),('A_I_02','E','Aportaciones Matemáticas','Investigación',2,'Categorical Topology - The Complete Work of Graciela Salicrup','No tiene','1','0','500','1988-01-01',''),('A_I_03','E','Aportaciones Matemáticas','Investigación',3,'Sistemas dinámicos holomorfos en superficies','968-36-0767-5','1','0','500','2004-01-01',''),('A_I_04','E','Aportaciones Matemáticas','Investigación',4,'Simposio de probabilidad y procesos estocásticos. Memorias. Guanajuato, México 1988.','968-36-0924-4','1','0','500','1989-01-01',''),('A_I_05','E','Aportaciones Matemáticas','Investigación',5,'Topics in Algebraic Geometry. Proceedings. Guanajuato, Mexico1989.','968-36-2677-7','1','0','500','1992-01-01',''),('A_I_06','E','Aportaciones Matemáticas','Investigación',6,'Seminario internacional de álgebra y sus aplicaciones. Memorias. México 1991.','968-36-2796-X','1','0','500','1992-01-01',''),('A_I_07','E','Aportaciones Matemáticas','Investigación',7,'II Simposio de probabilidad y procesos estocásticos. I Encuentro México-Chile de análisis escolásticos. Memorias. Guanajuato, México 1992.','968-36-2794-3','1','0','300','1992-01-01',''),('A_I_08','E','Aportaciones Matemáticas','Investigación',8,'Taller de geometría diferencial sobre espacios de geometrías. Memorias. Guanajuato, Mexico 1992.','968-36-2793-5','1','0','500','1992-01-01',''),('A_I_09','E','Aportaciones Matemáticas','Investigación',9,'Poblaciones aleatorias ramificadas y sus equilibrios','968-36-3597-0','1','0','500','1994-01-01',''),('A_I_10','E','Aportaciones Matemáticas','Investigación',10,'Una introducción a la geometría computacional a través de los teoremas de la galería de arte','968-36-3595-4','1','0','500','1994-01-01',''),('A_I_11','E','Aportaciones Matemáticas','Investigación',11,'III Simposio de probabilidad y procesos estocásticos. Memorias. Hermosillo, México 1994.','968-36-4237-3','1','0','500','1994-01-01',''),('A_I_12','E','Aportaciones Matemáticas','Investigación',12,'IV Simposio de probabilidad y procesos estocásticos. Memorias. Guanajuato, México 1996.','968-36-57877-X','1','0','300','1996-01-01',''),('A_I_13','E','Aportaciones Matemáticas','Investigación',13,'Taller de variedades abelianas y funciones theta. Memorias. Morelia, Mich., México 1996','968-36-7310-4','1','0','300','1998-01-01',''),('A_I_14','E','Aportaciones Matemáticas','Investigación',14,'Modelos estocásticos','968-36-7655-3','1','0','300','1998-01-01',''),('A_I_15','E','Aportaciones Matemáticas','Investigación',15,'Inverse Limits','968-36-7701-0','1','0','500','2000-01-01',''),('A_I_16','E','Aportaciones Matemáticas','Investigación',16,'Modelos estocásticos II','968-36-9572-8','1','0','300','2001-01-01',''),('A_I_17','E','Aportaciones Matemáticas','Investigación',17,'Topics in Infinitely Divisible Distributions and Lévy Processes','970-32-1126-7','1','0','300','2003-01-01',''),('A_I_18','E','Aportaciones Matemáticas','Investigación',18,'Parametric Optimization and Related Topics VII','970-32-1877-6','1','0','300','2004-01-01',''),('A_I_19','E','Aportaciones Matemáticas','Investigación',19,'Continuum Theory: in Honor of Professor David P. Bellamy on the Occasion of this 60th. Birthday','978-970-32-5046-2','1','0','400','2007-01-01',''),('A_I_20','E','Aportaciones Matemáticas','Investigación',20,'Proceedings of the Fourteenth International Conference on Fibonacci Numbers and Their Applications','978-607-02-2543-7','1','0','200','2011-01-01',''),('A_T_01','E','Aportaciones Matemáticas','Textos',1,'Introducción a la topología – Graciela Salicrup','968-36-2906-7','1','1','1000','1997-01-01',''),('A_T_02','E','Aportaciones Matemáticas','Textos',2,'Procesos estocásticos','970-32-0226-8','3','0','500','2002-01-01',''),('A_T_03','E','Aportaciones Matemáticas','Textos',3,'Lectures on Continuous-Time Markov Control Processes','968-36-4005-6','1','0','500','1994-01-01',''),('A_T_04','E','Aportaciones Matemáticas','Textos',4,'Un curso de lógica matemática','968-36-4534-8','1','0','500','1995-01-01',''),('A_T_05','E','Aportaciones Matemáticas','Textos',5,'Rudimentos de mansedumbre y salvajismo en teoría de representaciones','968-36-4618-2','1','0','500','1995-01-01',''),('A_T_06','E','Aportaciones Matemáticas','Textos',6,'Teoría general de procesos e integración estocástica','968-36-4629-8','2','1','300','2004-01-01',''),('A_T_07','E','Aportaciones Matemáticas','Textos',7,'Intersection Theory','968-36-4804-5','1','0','500','1996-01-01',''),('A_T_08','E','Aportaciones Matemáticas','Textos',8,'Inverse Problems','968-36-4844-4','1','0','500','1996-01-01',''),('A_T_09','E','Aportaciones Matemáticas','Textos',9,'El ABC de los splines','968-36-4806-1','1','0','500','1996-01-01',''),('A_T_10','E','Aportaciones Matemáticas','Textos',10,'Lo antiguo y lo nuevo acerca de los conjuntos convexos','968-36-4805-3','1','0','500','1998-01-01',''),('A_T_11','E','Aportaciones Matemáticas','Textos',11,'Matemáticas para las ciencias naturales','968-36-5769-9','1','0','2500','1998-01-01',''),('A_T_12','E','Aportaciones Matemáticas','Textos',12,'Introducción a la teoría de redes','968-36-5770-2','2','0','750','2005-01-01',''),('A_T_13','E','Aportaciones Matemáticas','Textos',13,'Teoría de conjuntos (una introducción)','978-607-02-2276-4','3','1','200','2011-01-01',''),('A_T_14','E','Aportaciones Matemáticas','Textos',14,'Lectures on Quantum Probability','968-36-7993-5','1','0','500','2000-01-01',''),('A_T_15','E','Aportaciones Matemáticas','Textos',15,'Construcción de procesos autosimilares con variancia finita','968-36-8916-7','1','0','500','2000-01-01',''),('A_T_16','E','Aportaciones Matemáticas','Textos',16,'Grupos algebraicos y teoría de invariantes','968-36-3594-6','1','0','500','2001-01-01',''),('A_T_17','E','Aportaciones Matemáticas','Textos',17,'Cohomología de Galois de campos locales','968-36-9892-1','1','0','500','2001-01-01',''),('A_T_18','E','Aportaciones Matemáticas','Textos',18,'Dimension Theory: An Introduction with Exercises','970-32-0026-5','1','0','500','2002-01-01',''),('A_T_19','E','Aportaciones Matemáticas','Textos',19,'Cómputo numérico con aritmética de punto flotante IEEE. Con un teorema, una regla empírica y ciento un ejercicios','970-32-0086-9','1','0','500','2002-01-01',''),('A_T_20','E','Aportaciones Matemáticas','Textos',20,'Topología diferencial','970-32-0754-5','1','0','500','2003-01-01',''),('A_T_21','E','Aportaciones Matemáticas','Textos',21,'Elementos de probabilidad y estadística','970-32-0756-7','1','0','500','2003-01-01',''),('A_T_22','E','Aportaciones Matemáticas','Textos',22,'Topología general','970-32-1064-3','1','0','500','2003-01-01',''),('A_T_23','E','Aportaciones Matemáticas','Textos',23,'Introducción a los grupos topológicos de transformaciones','970-32-1070-8','1','0','500','2005-01-01',''),('A_T_24','E','Aportaciones Matemáticas','Textos',24,'Breviario de teoría analítica de los números','978-970-32-1146-3','1','1','600','2009-01-01',''),('A_T_25','E','Aportaciones Matemáticas','Textos',25,'Cálculo de probabilidades','970-32-1147-X','1','0','600','2003-01-01',''),('A_T_26','E','Aportaciones Matemáticas','Textos',26,'Números primos y aplicaciones','970-32-1914-4','1','0','500','2004-01-01',''),('A_T_27','E','Aportaciones Matemáticas','Textos',27,'Historia y desarrollo de la teoría de los continuos indescomponibles','970-32-2130-0','1','0','300','2004-01-01','Coedición SIAM'),('A_T_28','E','Aportaciones Matemáticas','Textos',28,'Hiperespacios de continuos','970-32-2152-1','1','0','500','2004-01-01',''),('A_T_29','E','Aportaciones Matemáticas','Textos',29,'Cadenas de Markov','978-970-32-2189-9','2','0','500','2008-01-01',''),('A_T_30','E','Aportaciones Matemáticas','Textos',30,'The Fixed Point Property for Continua','970-72-2969-7','1','0','500','2005-01-01',''),('A_T_31','E','Aportaciones Matemáticas','Textos',31,'Invitación a la teoría de los continuos y sus hiperespacios','970-32-3872-6','1','0','500','2006-01-01',''),('A_T_32','E','Aportaciones Matemáticas','Textos',32,'Introducción a la teoría de grupos','978-970-32-3871-2','1','1','500','2009-01-01','Coedición Reverté'),('A_T_33','E','Aportaciones Matemáticas','Textos',33,'Hyperspaces of Sets. A text With Research Questions','970-32-3873-4','1','0','500','2006-01-01',''),('A_T_34','E','Aportaciones Matemáticas','Textos',34,'Introducción a la optimización no lineal','978-607-02-0424-1','1','0','750','2009-01-01',''),('A_T_35','E','Aportaciones Matemáticas','Textos',35,'Graphs, Rings and Polyhedra','978-607-02-1630-5','1','0','300','2011-01-01',''),('A_T_36','E','Aportaciones Matemáticas','Textos',36,'Introducción a la topología de conjuntos','978-607-02-2332-2','1','0','200','2011-01-01',''),('A_T_37','E','Aportaciones Matemáticas','Textos',37,'Elementos de topología general','978-607-02-3000-4','1','0','200','2012-01-01',''),('A_T_38','E','Aportaciones Matemáticas','Textos',38,'Cálculo','978-607-02-3234-3','1','0','200','2012-01-01',''),('A_T_39','E','Aportaciones Matemáticas','Textos',39,'Curso elemental de probabilidad y estadística','978-607-02-4092-8','1','0','345','2013-01-01',''),('C_O_01','D','Cuadernos de Olimpiadas de Matemáticas','N/A',1,'Combinatoria','978-968-36-8598-8','1','8','1000','2013-11-20',''),('C_O_02','D','Cuadernos de Olimpiadas de Matemáticas','N/A',2,'Principios de olimpiada','978-968-36-9891-9','1','7','1000','2015-01-15',''),('C_O_03','D','Cuadernos de Olimpiadas de Matemáticas','N/A',3,'Geometría','978-970-32-0444-1','1','10','1000','2012-01-01',''),('C_O_04','D','Cuadernos de Olimpiadas de Matemáticas','N/A',4,'Geometría. Ejercicios y problemas','978-970-32-0443-4','1','7','1000','2013-06-14','Coedición del Instituto de Matemáticas, UNAM - McGraw_Hill Interamericana Editores'),('C_O_05','D','Cuadernos de Olimpiadas de Matemáticas','N/A',5,'Teoría de números','978-970-32-1172-2','1','7','1000','2014-01-01',''),('C_O_06','D','Cuadernos de Olimpiadas de Matemáticas','N/A',6,'Desigualdades','978-970-32-1171-5','4','1','1000','2012-01-01','Es la traducción al inglés del libro \"Desigualdades\".'),('C_O_07','D','Cuadernos de Olimpiadas de Matemáticas','N/A',7,'Olimpiadas en SLP, elemental','978-607-02-2680-9','1','0','1000','2011-01-01',''),('C_O_08','D','Cuadernos de Olimpiadas de Matemáticas','N/A',8,'Olimpiadas en SLP, avanzado','978-607-02-3235-0','1','0','1000','2012-01-01','7 y 8 en 2008 se publicó: \"las olimpiadas de matemáticas en San Luis Potosí, 1987-2005\".'),('C_O_09','D','Cuadernos de Olimpiadas de Matemáticas','N/A',9,'Matemáticas preolímpicas','978-970-32-5428-6','1','5','1000','2015-01-15',''),('C_O_10','D','Cuadernos de Olimpiadas de Matemáticas','N/A',10,'Combinatoria para olimpiadas internacionales','978-607-02-1710-4','1','1','1000','2013-06-14',''),('C_O_11','D','Cuadernos de Olimpiadas de Matemáticas','N/A',11,'Problemas avanzados de olimpiada','978-607-02-1709-8','1','0','1000','2010-01-01',''),('C_O_12','D','Cuadernos de Olimpiadas de Matemáticas','N/A',12,'Combinatoria avanzada','978-607-02-1810-1','1','0','1000','2010-01-01',''),('C_O_13','D','Cuadernos de Olimpiadas de Matemáticas','N/A',13,'Principio de las casillas','978-607-02-5139-9','2','0','1000','2014-02-15',''),('C_O_14','D','Cuadernos de Olimpiadas de Matemáticas','N/A',14,'Álgebra','978-607-02-5580-9','2','0','1000','2013-06-30',''),('C_O_6a','D','Cuadernos de Olimpiadas de Matemáticas','N/A',6,'Inequalities','970-32-2788-0','1','0','1000','2005-06-01',''),('E_E_50','C','Ediciones Especiales','N/A',0,'Memorias del 50 Aniversario del Instituto de Matemáticas. 1942-1992','968-36-3531-8','1','0','500','1994-12-01',''),('E_E_60','C','Ediciones Especiales','N/A',0,'Matemáticas en la UNAM. Memorias del 60 Aniversario del Instituto de Matemáticas','970-32-0720-0','1','0','500','2003-04-01',''),('E_E_AB','C','Ediciones Especiales','N/A',0,'Alberto Barajas, su oratoria, sus matemáticas y sus enseñanzas','978-607-02-0945-1','1','0','1000','2009-11-01',''),('E_E_T','C','Ediciones Especiales','N/A',0,'Topología algebraica. Un enfoque homotópico','970-10-1904-0','1','0','200','1998-01-01',''),('M_I_01','F','Monografías del Instituto de Matemáticas','N/A',1,'Localization in Noncommutative Rings','N/A','1','0','','1975-01-01',''),('M_I_02','F','Monografías del Instituto de Matemáticas','N/A',2,'Teoría de los números algebraicos','N/A','1','0','','1975-01-01',''),('M_I_03','F','Monografías del Instituto de Matemáticas','N/A',3,'Integrales de medida positiva','N/A','1','0','','1976-01-01',''),('M_I_04','F','Monografías del Instituto de Matemáticas','N/A',4,'Rings With Polynomial Identities','N/A','1','0','','1977-01-01',''),('M_I_05','F','Monografías del Instituto de Matemáticas','N/A',5,'Grupos profinitos, grupos libres y productos libres','N/A','1','0','','1977-01-01',''),('M_I_06','F','Monografías del Instituto de Matemáticas','N/A',6,'Introducción a la teoría de las clases características en la geometría algebraica','N/A','1','0','','1978-01-01',''),('M_I_07','F','Monografías del Instituto de Matemáticas','N/A',7,'Embeddings, Projective Invariants and Classifications','N/A','1','0','','1979-01-01',''),('M_I_08','F','Monografías del Instituto de Matemáticas','N/A',8,'The Relative Spectral Sequence of Leray-Serre for Fibrations Pairs','N/A','1','0','','1979-01-01',''),('M_I_09','F','Monografías del Instituto de Matemáticas','N/A',9,'Caminatas aleatorias y movimiento browniano','N/A','1','0','','1981-01-01',''),('M_I_10','F','Monografías del Instituto de Matemáticas','N/A',10,'On Polarized Varieties','N/A','1','0','','1981-01-01',''),('M_I_11','F','Monografías del Instituto de Matemáticas','N/A',11,'Métodos diagramáticos en teoría de representaciones','N/A','1','0','','1982-01-01',''),('M_I_12','F','Monografías del Instituto de Matemáticas','N/A',12,'Espacios simplécticos sobre ß-anillos y anillos de Hermite, transvecciones simplécticas','N/A','1','0','','1982-01-01',''),('M_I_13','F','Monografías del Instituto de Matemáticas','N/A',13,'Abelian Integrals','N/A','1','0','','1983-01-01',''),('M_I_14','F','Monografías del Instituto de Matemáticas','N/A',14,'On Selfinjective Algebras of Finite Representation Type','N/A','1','0','','1983-01-01',''),('M_I_15','F','Monografías del Instituto de Matemáticas','N/A',15,'On Ideal Theory in Banach and Topological Algebras','N/A','1','0','','1984-01-01',''),('M_I_16','F','Monografías del Instituto de Matemáticas','N/A',16,'Teoría general de procesos e integración estocástica','N/A','1','0','','1985-01-01',''),('M_I_17','F','Monografías del Instituto de Matemáticas','N/A',17,'La figura espectral de operadores','N/A','1','0','','1986-01-01',''),('M_I_18','F','Monografías del Instituto de Matemáticas','N/A',18,'Teoría de punto fijo','N/A','1','0','','1986-01-01',''),('M_I_19','F','Monografías del Instituto de Matemáticas','N/A',19,'Projective Embeddings of Algebraic Varieties','N/A','1','0','','1988-01-01',''),('M_I_20','F','Monografías del Instituto de Matemáticas','N/A',20,'Teoría general de procesos e integración estocástica','N/A','2','0','','1989-01-01',''),('M_I_21','F','Monografías del Instituto de Matemáticas','N/A',21,'Análisis funcional I','N/A','1','0','','1989-01-01',''),('M_I_22','F','Monografías del Instituto de Matemáticas','N/A',22,'Introducción a la topología de las variedades de dimensión infinita','N/A','1','0','','1989-01-01',''),('M_I_23','F','Monografías del Instituto de Matemáticas','N/A',23,'Introducción a la teoría de representaciones de álgebras','N/A','1','0','','1990-01-01',''),('P_I_01','A','Papirhos','Icosaedro',1,'Dos o tres trazos','978-607-02-5151-1','1','0','200','2014-02-20',''),('P_I_02','A','Papirhos','Icosaedro',2,'Cónicas, cuádricas y aplicaciones','978-607-02-6382-8','1','0','500','2015-02-27',''),('P_M_01','A','Papirhos','Mixbaal',1,'Por la senda de los círculos','978-607-02-9828-8','1','0','1000','2017-12-20',''),('P_N_01','A','Papirhos','Notas',1,'Teoría de singularidades en topología, geometría y foliaciones I','978-607-02-9845-5','1','0','500','2017-11-20','Sólo se vende junto con el segundo volumen.'),('P_N_02','A','Papirhos','Notas',2,'Teoría de singularidades en topología, geometría y foliaciones II','978-607-02-9846-2','1','0','500','2017-11-20','Sólo se vende junto con el primer volumen.'),('P_T_01','A','Papirhos','Textos',1,'Grupos I','978-607-02-5150-4','1','0','200','2014-02-20',''),('P_T_02','A','Papirhos','Textos',2,'Análisis matemático','978-607-02-6850-2','1','0','500','2015-06-15',''),('P_T_03','A','Papirhos','Textos',3,'Topología diferencial','978-607-02-6387-3','1','0','500','2015-02-16',''),('P_T_04','A','Papirhos','Textos',4,'Grupos II','978-607-02-7814-3','1','0','500','2016-05-16',''),('P_T_05','A','Papirhos','Textos',5,'Geometría euclidiana bidimensional','978-607-02-8836-4','1','0','500','2017-03-16',''),('P_T_06','A','Papirhos','Textos',6,'Curso introductorio de Álgebra I','978-607-02-8824-1','1','0','500','2017-03-16',''),('P_T_07','A','Papirhos','Textos',7,'Clases características','978-607-02-9865-3','1','0','500','2017-11-16',''),('T_B_01','B','Temas de Matemáticas para bachillerato','N/A',1,'Cuando cuentes cuántos...','978-968-36-9888-9','2','1','500','2009-03-01',''),('T_B_02','B','Temas de Matemáticas para bachillerato','N/A',2,'Sistemas de ecuaciones y desigualdades','978-968-36-9889-6','1','1','500','2008-04-01',''),('T_B_03','B','Temas de Matemáticas para bachillerato','N/A',3,'La historia de un empujón: un vistazo a las ecuaciones y los sistemas dinámicos','978-968-36-9890-2','1','2','300','2011-02-28',''),('T_B_05','B','Temas de Matemáticas para bachillerato','N/A',5,'Estadística descriptiva para bachillerato','970-32-2089-4','1','0','500','2004-09-01','Edición agotada. '),('T_B_06','B','Temas de Matemáticas para bachillerato','N/A',6,'Relaciones de equivalencia','970-32-3106-3','1','0','1000','2006-02-01',''),('T_B_07','B','Temas de Matemáticas para bachillerato','N/A',7,'Mosaicos','970-32-4349-5','1','0','1000','2007-02-01',''),('T_B_08','B','Temas de Matemáticas para bachillerato','N/A',8,'Funciones circulares','978-970-32-5342-5','1','0','500','2008-11-01','');
/*!40000 ALTER TABLE `libros_lista_completa` ENABLE KEYS */;
UNLOCK TABLES;

--
-- Table structure for table `precios`
--

DROP TABLE IF EXISTS `precios`;
/*!40101 SET @saved_cs_client     = @@character_set_client */;
/*!40101 SET character_set_client = utf8 */;
CREATE TABLE `precios` (
  `id_libro` char(6) NOT NULL,
  `precio_lista` smallint(6) unsigned NOT NULL,
  `precio_descuento` smallint(6) unsigned NOT NULL,
  `precio_distribuidor` smallint(6) unsigned NOT NULL,
  `precio_dolar` smallint(5) unsigned NOT NULL,
  PRIMARY KEY (`id_libro`)
) ENGINE=InnoDB DEFAULT CHARSET=utf8;
/*!40101 SET character_set_client = @saved_cs_client */;

--
-- Dumping data for table `precios`
--

LOCK TABLES `precios` WRITE;
/*!40000 ALTER TABLE `precios` DISABLE KEYS */;
INSERT INTO `precios` VALUES ('A_C_01',50,25,20,0),('A_C_02',50,25,20,0),('A_C_03',50,25,20,0),('A_C_04',50,25,20,0),('A_C_05',50,25,20,0),('A_C_06',50,25,20,0),('A_C_07',50,25,20,0),('A_C_08',50,25,20,0),('A_C_09',50,25,20,0),('A_C_10',50,25,20,0),('A_C_11',50,25,20,0),('A_C_12',50,25,20,0),('A_C_13',50,25,20,0),('A_C_14',50,25,20,0),('A_C_15',50,25,20,0),('A_C_16',50,25,20,0),('A_C_17',50,25,20,0),('A_C_18',50,25,20,0),('A_C_19',50,25,20,0),('A_C_20',50,25,20,0),('A_C_21',50,25,20,0),('A_C_22',50,25,20,0),('A_C_23',50,25,20,0),('A_C_24',50,25,20,0),('A_C_25',50,25,20,0),('A_C_26',50,25,20,0),('A_C_27',50,25,20,0),('A_C_28',50,25,20,0),('A_C_29',50,25,20,0),('A_C_30',50,25,20,0),('A_C_31',50,25,20,0),('A_C_32',50,25,20,0),('A_C_33',0,0,0,0),('A_C_34',50,25,20,0),('A_C_35',50,25,20,0),('A_C_36',50,25,20,0),('A_C_37',50,25,20,0),('A_C_38',100,50,40,0),('A_C_39',100,50,40,0),('A_C_40',100,50,40,0),('A_C_41',240,120,96,0),('A_C_42',300,150,120,0),('A_C_43',240,120,96,0),('A_C_44',210,105,84,0),('A_C_45',150,75,60,0),('A_C_46',200,100,80,0),('A_C_47',400,200,160,0),('A_C_48',200,100,80,0),('A_I_01',50,25,20,0),('A_I_02',80,40,32,0),('A_I_03',200,100,32,0),('A_I_04',50,25,20,0),('A_I_05',50,25,20,0),('A_I_06',50,25,20,0),('A_I_07',50,25,20,0),('A_I_08',50,25,20,0),('A_I_09',80,40,32,0),('A_I_10',80,40,32,0),('A_I_11',50,25,20,0),('A_I_12',50,25,20,0),('A_I_13',50,25,20,0),('A_I_14',50,25,20,0),('A_I_15',80,40,32,0),('A_I_16',50,25,20,0),('A_I_17',0,0,0,0),('A_I_18',50,25,20,0),('A_I_19',120,60,48,0),('A_I_20',240,120,96,0),('A_T_01',400,200,160,0),('A_T_02',600,300,240,0),('A_T_03',100,50,40,0),('A_T_04',340,170,136,0),('A_T_05',300,150,120,0),('A_T_06',340,170,136,0),('A_T_07',180,90,72,0),('A_T_08',100,50,40,0),('A_T_09',300,150,120,0),('A_T_10',200,100,80,0),('A_T_11',600,300,240,0),('A_T_12',340,170,136,0),('A_T_13',320,160,128,0),('A_T_14',340,170,136,0),('A_T_15',300,150,120,0),('A_T_16',440,220,176,0),('A_T_17',300,150,120,0),('A_T_18',200,100,80,0),('A_T_19',180,90,72,0),('A_T_20',340,170,136,0),('A_T_21',340,170,136,0),('A_T_22',600,300,240,0),('A_T_23',180,90,72,0),('A_T_24',480,240,192,0),('A_T_25',600,300,240,0),('A_T_26',100,50,40,0),('A_T_27',300,150,120,0),('A_T_28',200,100,80,0),('A_T_29',220,110,80,0),('A_T_30',180,90,72,0),('A_T_31',400,200,160,0),('A_T_32',480,240,192,0),('A_T_33',600,300,240,0),('A_T_34',580,290,232,0),('A_T_35',280,140,112,0),('A_T_36',180,90,144,0),('A_T_37',450,225,180,0),('A_T_38',400,200,128,0),('A_T_39',290,145,228,0),('A_T_40',240,120,96,0),('A_T_42',220,110,88,0),('C_O_01',200,100,80,0),('C_O_02',200,100,80,0),('C_O_03',200,100,80,0),('C_O_04',200,100,80,0),('C_O_05',200,100,80,0),('C_O_06',200,100,80,0),('C_O_07',200,100,80,0),('C_O_08',200,100,80,0),('C_O_09',200,100,80,0),('C_O_10',200,100,80,0),('C_O_11',200,100,80,0),('C_O_12',200,100,80,0),('C_O_13',200,100,80,0),('C_O_14',200,100,80,0),('C_O_6a',200,100,80,0),('E_E_50',60,30,24,0),('E_E_60',60,30,24,0),('E_E_AB',400,200,160,0),('E_E_T',0,0,0,0),('M_I_01',0,0,0,0),('M_I_02',0,0,0,0),('M_I_03',0,0,0,0),('M_I_04',0,0,0,0),('M_I_05',0,0,0,0),('M_I_06',0,0,0,0),('M_I_07',0,0,0,0),('M_I_08',0,0,0,0),('M_I_09',0,0,0,0),('M_I_10',0,0,0,0),('M_I_11',0,0,0,0),('M_I_12',0,0,0,0),('M_I_13',0,0,0,0),('M_I_14',0,0,0,0),('M_I_15',0,0,0,0),('M_I_16',0,0,0,0),('M_I_17',0,0,0,0),('M_I_18',0,0,0,0),('M_I_19',0,0,0,0),('M_I_20',0,0,0,0),('M_I_21',0,0,0,0),('M_I_22',0,0,0,0),('M_I_23',0,0,0,0),('P_I_01',200,100,80,0),('P_I_02',160,80,64,0),('P_M_01',400,200,160,0),('P_N_01',260,130,104,0),('P_N_02',260,130,104,0),('P_T_01',270,135,110,0),('P_T_02',400,200,160,0),('P_T_03',340,170,134,0),('P_T_04',270,135,110,0),('P_T_05',160,80,64,0),('P_T_06',260,130,104,0),('P_T_07',300,150,120,0),('T_B_01',140,70,56,0),('T_B_02',140,70,56,0),('T_B_03',140,70,56,0),('T_B_05',140,70,56,0),('T_B_06',140,70,56,0),('T_B_07',140,70,56,0),('T_B_08',140,70,56,0);
/*!40000 ALTER TABLE `precios` ENABLE KEYS */;
UNLOCK TABLES;

--
-- Table structure for table `precios_libro`
--

DROP TABLE IF EXISTS `precios_libro`;
/*!40101 SET @saved_cs_client     = @@character_set_client */;
/*!40101 SET character_set_client = utf8 */;
CREATE TABLE `precios_libro` (
  `id_libros` int(11) NOT NULL DEFAULT 0,
  `precio_lista` smallint(6) unsigned NOT NULL,
  `precio_descuento` smallint(6) unsigned NOT NULL,
  `precio_distribuidor` smallint(6) unsigned NOT NULL
) ENGINE=InnoDB DEFAULT CHARSET=latin1;
/*!40101 SET character_set_client = @saved_cs_client */;

--
-- Dumping data for table `precios_libro`
--

LOCK TABLES `precios_libro` WRITE;
/*!40000 ALTER TABLE `precios_libro` DISABLE KEYS */;
INSERT INTO `precios_libro` VALUES (1,50,25,20),(2,50,25,20),(3,50,25,20),(4,50,25,20),(5,50,25,20),(6,50,25,20),(7,50,25,20),(8,50,25,20),(9,50,25,20),(10,50,25,20),(11,50,25,20),(12,50,25,20),(13,50,25,20),(14,50,25,20),(15,50,25,20),(16,50,25,20),(17,50,25,20),(18,50,25,20),(19,50,25,20),(20,50,25,20),(21,50,25,20),(22,50,25,20),(23,50,25,20),(24,50,25,20),(25,50,25,20),(26,50,25,20),(27,50,25,20),(28,50,25,20),(29,50,25,20),(30,50,25,20),(31,50,25,20),(32,50,25,20),(33,0,0,0),(34,50,25,20),(35,50,25,20),(36,50,25,20),(37,50,25,20),(38,100,50,40),(39,100,50,40),(40,100,50,40),(41,240,120,96),(42,300,150,120),(43,240,120,96),(44,210,105,84),(45,150,75,60),(46,200,100,80),(47,400,200,160),(48,200,100,80),(49,50,25,20),(50,80,40,32),(51,200,100,32),(52,50,25,20),(53,50,25,20),(54,50,25,20),(55,50,25,20),(56,50,25,20),(57,80,40,32),(58,80,40,32),(59,50,25,20),(60,50,25,20),(61,50,25,20),(62,50,25,20),(63,80,40,32),(64,50,25,20),(65,0,0,0),(66,50,25,20),(67,120,60,48),(68,240,120,96),(69,400,200,160),(70,600,300,240),(71,100,50,40),(72,340,170,136),(73,300,150,120),(74,340,170,136),(74,0,0,0),(74,0,0,0),(75,180,90,72),(76,100,50,40),(77,300,150,120),(78,200,100,80),(79,600,300,240),(80,340,170,136),(81,320,160,128),(82,340,170,136),(83,300,150,120),(84,440,220,176),(85,300,150,120),(86,200,100,80),(87,180,90,72),(88,340,170,136),(88,340,170,134),(89,340,170,136),(90,600,300,240),(91,180,90,72),(92,480,240,192),(93,600,300,240),(94,100,50,40),(95,300,150,120),(96,200,100,80),(97,220,110,80),(98,180,90,72),(99,400,200,160),(100,480,240,192),(101,600,300,240),(102,580,290,232),(103,280,140,112),(104,180,90,144),(105,450,225,180),(106,400,200,128),(107,290,145,228),(108,240,120,96),(109,220,110,88),(110,200,100,80),(111,200,100,80),(112,200,100,80),(113,200,100,80),(114,200,100,80),(115,200,100,80),(116,200,100,80),(117,200,100,80),(118,200,100,80),(119,200,100,80),(120,200,100,80),(121,200,100,80),(122,200,100,80),(123,200,100,80),(124,200,100,80),(125,60,30,24),(126,60,30,24),(127,400,200,160),(128,0,0,0),(129,0,0,0),(130,0,0,0),(131,0,0,0),(132,0,0,0),(133,0,0,0),(134,0,0,0),(135,0,0,0),(136,0,0,0),(137,0,0,0),(138,0,0,0),(139,0,0,0),(140,0,0,0),(141,0,0,0),(142,0,0,0),(143,0,0,0),(144,340,170,136),(144,0,0,0),(144,0,0,0),(145,0,0,0),(146,0,0,0),(147,0,0,0),(148,340,170,136),(148,0,0,0),(148,0,0,0),(149,0,0,0),(150,0,0,0),(151,0,0,0),(152,200,100,80),(153,160,80,64),(154,400,200,160),(155,260,130,104),(156,260,130,104),(157,270,135,110),(158,400,200,160),(159,340,170,136),(159,340,170,134),(160,270,135,110),(161,160,80,64),(162,260,130,104),(163,300,150,120),(164,140,70,56),(165,140,70,56),(166,140,70,56),(167,140,70,56),(168,140,70,56),(169,140,70,56),(170,140,70,56);
/*!40000 ALTER TABLE `precios_libro` ENABLE KEYS */;
UNLOCK TABLES;

--
-- Table structure for table `referencias`
--

DROP TABLE IF EXISTS `referencias`;
/*!40101 SET @saved_cs_client     = @@character_set_client */;
/*!40101 SET character_set_client = utf8 */;
CREATE TABLE `referencias` (
  `id_libro` char(6) CHARACTER SET utf8 COLLATE utf8_unicode_ci NOT NULL,
  `bibtex` text CHARACTER SET utf8 COLLATE utf8_unicode_ci NOT NULL
) ENGINE=InnoDB DEFAULT CHARSET=latin1;
/*!40101 SET character_set_client = @saved_cs_client */;

--
-- Dumping data for table `referencias`
--

LOCK TABLES `referencias` WRITE;
/*!40000 ALTER TABLE `referencias` DISABLE KEYS */;
INSERT INTO `referencias` VALUES ('A_C_01',''),('A_C_02',''),('A_C_03',''),('A_C_04',''),('A_C_05',''),('A_C_06',''),('A_C_07',''),('A_C_08',''),('A_C_09',''),('A_C_10',''),('A_C_11',''),('A_C_12',''),('A_C_13',''),('A_C_14',''),('A_C_15',''),('A_C_16',''),('A_C_17',''),('A_C_18',''),('A_C_19',''),('A_C_20',''),('A_C_21',''),('A_C_22',''),('A_C_23',''),('A_C_24',''),('A_C_25',''),('A_C_26',''),('A_C_27',''),('A_C_28',''),('A_C_29',''),('A_C_30',''),('A_C_31',''),('A_C_32',''),('A_C_33',''),('A_C_34',''),('A_C_35',''),('A_C_36',''),('A_C_37',''),('A_C_38',''),('A_C_39',''),('A_C_40',''),('A_C_41',''),('A_C_42',''),('A_C_43',''),('A_C_44',''),('A_C_45',''),('A_C_46',''),('A_C_47',''),('A_C_48',''),('A_I_01',''),('A_I_02',''),('A_I_03',''),('A_I_04',''),('A_I_05',''),('A_I_06',''),('A_I_07',''),('A_I_08',''),('A_I_09',''),('A_I_10',''),('A_I_11',''),('A_I_12',''),('A_I_13',''),('A_I_14',''),('A_I_15',''),('A_I_16',''),('A_I_17',''),('A_I_18',''),('A_I_19',''),('A_I_20',''),('A_T_01',''),('A_T_02',''),('A_T_03',''),('A_T_04',''),('A_T_05',''),('A_T_06',''),('A_T_07',''),('A_T_08',''),('A_T_09',''),('A_T_10',''),('A_T_11',''),('A_T_12',''),('A_T_13',''),('A_T_14',''),('A_T_15',''),('A_T_16',''),('A_T_17',''),('A_T_18',''),('A_T_19',''),('A_T_20',''),('A_T_21',''),('A_T_22',''),('A_T_23',''),('A_T_24',''),('A_T_25',''),('A_T_26',''),('A_T_27',''),('A_T_28',''),('A_T_29',''),('A_T_30',''),('A_T_31',''),('A_T_32',''),('A_T_33',''),('A_T_34',''),('A_T_35',''),('A_T_36',''),('A_T_37',''),('A_T_38',''),('A_T_39',''),('C_O_01',''),('C_O_02',''),('C_O_03',''),('C_O_04',''),('C_O_05',''),('C_O_06',''),('C_O_07',''),('C_O_08',''),('C_O_09',''),('C_O_10',''),('C_O_11',''),('C_O_12',''),('C_O_13',''),('C_O_14',''),('C_O_6a',''),('E_E_50',''),('E_E_60',''),('E_E_AB',''),('E_E_T',''),('M_I_01',''),('M_I_02',''),('M_I_03',''),('M_I_04',''),('M_I_05',''),('M_I_06',''),('M_I_07',''),('M_I_08',''),('M_I_09',''),('M_I_10',''),('M_I_11',''),('M_I_12',''),('M_I_13',''),('M_I_14',''),('M_I_15',''),('M_I_16',''),('M_I_17',''),('M_I_18',''),('M_I_19',''),('M_I_20',''),('M_I_21',''),('M_I_22',''),('M_I_23',''),('P_I_01',''),('P_I_02',''),('P_T_01',''),('P_T_02',''),('P_T_03',''),('T_B_01',''),('T_B_02',''),('T_B_03',''),('T_B_05',''),('T_B_06',''),('T_B_07',''),('T_B_08','');
/*!40000 ALTER TABLE `referencias` ENABLE KEYS */;
UNLOCK TABLES;

--
-- Table structure for table `registro_ventas`
--

DROP TABLE IF EXISTS `registro_ventas`;
/*!40101 SET @saved_cs_client     = @@character_set_client */;
/*!40101 SET character_set_client = utf8 */;
CREATE TABLE `registro_ventas` (
  `id_libros` int(11) NOT NULL,
  `cantidad` int(11) NOT NULL,
  `fecha_hora` timestamp NOT NULL DEFAULT current_timestamp()
) ENGINE=InnoDB DEFAULT CHARSET=latin1;
/*!40101 SET character_set_client = @saved_cs_client */;

--
-- Dumping data for table `registro_ventas`
--

LOCK TABLES `registro_ventas` WRITE;
/*!40000 ALTER TABLE `registro_ventas` DISABLE KEYS */;
INSERT INTO `registro_ventas` VALUES (118,50,'2019-08-02 07:54:53'),(127,2,'2019-08-02 07:57:22'),(112,6,'2019-08-02 07:58:10'),(113,3,'2019-08-02 07:58:11');
/*!40000 ALTER TABLE `registro_ventas` ENABLE KEYS */;
UNLOCK TABLES;

--
-- Table structure for table `versiones`
--

DROP TABLE IF EXISTS `versiones`;
/*!40101 SET @saved_cs_client     = @@character_set_client */;
/*!40101 SET character_set_client = utf8 */;
CREATE TABLE `versiones` (
  `id_libros` int(11) NOT NULL DEFAULT 0,
  `isbn` char(21) CHARACTER SET utf8 NOT NULL DEFAULT 'N/A',
  `fecha` date NOT NULL,
  `tiraje` char(4) CHARACTER SET utf8 NOT NULL,
  `edicion` char(3) CHARACTER SET utf8 NOT NULL,
  `reimpresion` char(3) CHARACTER SET utf8 NOT NULL DEFAULT '0',
  `notas` varchar(200) CHARACTER SET utf8 NOT NULL
) ENGINE=InnoDB DEFAULT CHARSET=latin1;
/*!40101 SET character_set_client = @saved_cs_client */;

--
-- Dumping data for table `versiones`
--

LOCK TABLES `versiones` WRITE;
/*!40000 ALTER TABLE `versiones` DISABLE KEYS */;
INSERT INTO `versiones` VALUES (1,'No tiene','1986-06-23','500','1','0',''),(2,'No tiene','1986-01-01','500','1','0',''),(3,'968-36-0307-6','1987-01-01','500','1','0',''),(4,'968-36-0308-4','1987-01-01','500','1','0',''),(5,'968-36-0632-6','1988-01-01','500','1','0',''),(6,'968-36-1156-7','1989-01-01','500','1','0',''),(7,'No tiene','1990-01-01','500','1','0',''),(8,'968-36-1666-6','1990-01-01','750','1','0',''),(9,'968-36-2162-7','1990-01-01','500','1','0',''),(10,'968-36-3246-7','1993-01-01','500','1','0',''),(11,'968-36-2675-5','1992-01-01','750','1','0',''),(12,'968-36-3280-7','1993-01-01','750','1','0',''),(13,'968-36-3281-5','1993-01-01','750','1','0',''),(14,'968-36-3929-1','1994-01-01','750','1','0',''),(15,'968-36-4238-1','1994-01-01','500','1','0',''),(16,'968-36-4616-6','1995-01-01','750','1','0',''),(17,'968-36-4948-3','1996-01-01','500','1','0',''),(18,'968-36-5409-6','1996-01-01','750','1','0',''),(19,'968-36-5771-0','1997-01-01','500','1','0',''),(20,'968-36-6261-7','1997-01-01','750','1','0',''),(21,'968-36-6+853-4','1998-01-01','300','1','0',''),(22,'968-36-7196-9','1998-01-01','700','1','0',''),(23,'968-36-7309-0','1999-01-01','300','1','0',''),(24,'968-36-7074-1','1998-01-01','300','1','0',''),(25,'968-36-7844-0','1999-01-01','300','1','0',''),(26,'968-36-8314-2','2000-01-01','300','1','0',''),(27,'968-36-8435-1','2000-01-01','300','1','0',''),(28,'968-36-8831-4','2000-01-01','500','1','0',''),(29,'968-36-9631-7','2001-01-01','650','1','0',''),(30,'968-36-0225-X','2002-01-01','650','1','0',''),(31,'970-32-0174-14','2002-01-01','300','1','0',''),(32,'970-32-0997-1','2003-01-01','600','1','0',''),(33,'N/A','0000-00-00','0','N/A','N/A',''),(34,'970-32-1731-1','2004-01-01','300','1','0',''),(35,'ISSN 1870-2112 (2005)','2005-01-01','300','1','0',''),(36,'ISSN 1870-2112 (2006)','2006-01-01','450','1','0',''),(37,'ISSN 1870-2112 (2007)','2007-01-01','500','1','0',''),(38,'ISSN 1870-2112 (2008)','2008-01-01','500','1','0',''),(39,'978-607-20-0262-3','2008-01-01','300','1','0',''),(40,'ISSN 1870-2112 (2009)','2009-01-01','500','1','0',''),(41,'ISSN 1870-2112 (2010)','2010-01-01','500','1','0','Número Cancelado'),(42,'978-607-02-2763-9','2011-01-01','300','1','0',''),(43,'ISSN 1870-2112 (2011)','2011-01-01','500','1','0',''),(44,'978-607-02-2633-5','2011-01-01','300','1','0',''),(45,'ISSN 1870-2112 (2011)','2012-01-01','500','1','0',''),(46,'ISSN 1870-2112 (2013)','2013-01-01','500','1','0',''),(47,'978-607-02-6174-9','2014-01-01','200','1','0',''),(48,'ISSN 1870-2112 (2014)','2014-01-01','500','1','0',''),(49,'No tiene','1985-01-01','500','1','0',''),(50,'No tiene','1988-01-01','500','1','0',''),(51,'968-36-0767-5','2004-01-01','500','1','0',''),(52,'968-36-0924-4','1989-01-01','500','1','0',''),(53,'968-36-2677-7','1992-01-01','500','1','0',''),(54,'968-36-2796-X','1992-01-01','500','1','0',''),(55,'968-36-2794-3','1992-01-01','300','1','0',''),(56,'968-36-2793-5','1992-01-01','500','1','0',''),(57,'968-36-3597-0','1994-01-01','500','1','0',''),(58,'968-36-3595-4','1994-01-01','500','1','0',''),(59,'968-36-4237-3','1994-01-01','500','1','0',''),(60,'968-36-57877-X','1996-01-01','300','1','0',''),(61,'968-36-7310-4','1998-01-01','300','1','0',''),(62,'968-36-7655-3','1998-01-01','300','1','0',''),(63,'968-36-7701-0','2000-01-01','500','1','0',''),(64,'968-36-9572-8','2001-01-01','300','1','0',''),(65,'970-32-1126-7','2003-01-01','300','1','0','Agotado. Sin derechos de venta.'),(66,'970-32-1877-6','2004-01-01','300','1','0',''),(67,'978-970-32-5046-2','2007-01-01','400','1','0',''),(68,'978-607-02-2543-7','2011-01-01','200','1','0',''),(69,'968-36-2906-7','1997-01-01','1000','1','1',''),(70,'970-32-0226-8','2002-01-01','500','3','0',''),(71,'968-36-4005-6','1994-01-01','500','1','0',''),(72,'968-36-4534-8','1995-01-01','500','1','0',''),(73,'968-36-4618-2','1995-01-01','500','1','0',''),(74,'968-36-4629-8','2004-01-01','300','2','1',''),(74,'N/A','1985-01-01','','1','0',''),(74,'N/A','1989-01-01','','2','0',''),(75,'968-36-4804-5','1996-01-01','500','1','0',''),(76,'968-36-4844-4','1996-01-01','500','1','0',''),(77,'968-36-4806-1','1996-01-01','500','1','0',''),(78,'968-36-4805-3','1998-01-01','500','1','0',''),(79,'968-36-5769-9','1998-01-01','2500','1','0',''),(80,'968-36-5770-2','2005-01-01','750','2','0',''),(81,'978-607-02-8772-5','2011-01-01','200','3','1',''),(82,'968-36-7993-5','2000-01-01','500','1','0',''),(83,'968-36-8916-7','2000-01-01','500','1','0',''),(84,'968-36-3594-6','2001-01-01','500','1','0',''),(85,'968-36-9892-1','2001-01-01','500','1','0',''),(86,'970-32-0026-5','2002-01-01','500','1','0',''),(87,'970-32-0086-9','2002-01-01','500','1','0',''),(88,'970-32-0754-5','2003-01-01','500','1','0',''),(88,'978-607-02-6387-3','2015-02-16','500','1','0',''),(89,'970-32-0756-7','2003-01-01','500','1','0',''),(90,'970-32-1064-3','2003-01-01','500','1','0',''),(91,'970-32-1070-8','2005-01-01','500','1','0',''),(92,'978-970-32-1146-3','2009-01-01','600','1','1',''),(93,'970-32-1147-X','2003-01-01','600','1','0',''),(94,'970-32-1914-4','2004-01-01','500','1','0',''),(95,'970-32-2130-0','2004-01-01','300','1','0','Coedición SIAM'),(96,'970-32-2152-1','2004-01-01','500','1','0',''),(97,'978-607-02-8773-2','2008-01-01','500','2','0',''),(98,'970-72-2969-7','2005-01-01','500','1','0',''),(99,'970-32-3872-6','2006-01-01','500','1','0',''),(100,'978-607-30-0314-8','2018-10-01','500','1','1',''),(101,'970-32-3873-4','2006-01-01','500','1','0',''),(102,'978-607-02-0424-1','2009-01-01','750','1','0',''),(103,'978-607-02-1630-5','2011-01-01','300','1','0',''),(104,'978-607-02-2332-2','2011-01-01','200','1','0',''),(105,'978-607-02-3000-4','2012-01-01','200','1','0',''),(106,'978-607-02-8621-6','2012-01-01','200','1','0',''),(107,'978-607-02-4092-8','2013-01-01','345','1','0',''),(108,'978-607-02-9827-1','2017-12-01','200','1','0',''),(109,'978-607-30-0322-3','2018-04-01','200','1','0',''),(110,'978-968-36-8598-8','2013-11-20','1000','1','8',''),(111,'978-968-36-9891-9','2015-01-15','1000','1','7',''),(112,'978-970-32-0444-1','2012-01-01','1000','1','10',''),(113,'978-970-32-0443-4','2013-06-14','1000','1','7','Coedición del Instituto de Matemáticas, UNAM - McGraw_Hill Interamericana Editores'),(114,'978-970-32-1172-2','2014-01-01','1000','1','7',''),(115,'978-970-32-1171-5','2012-01-01','1000','4','1','Es la traducción al inglés del libro \"Desigualdades\".'),(116,'978-607-02-2680-9','2011-01-01','1000','1','0',''),(117,'978-607-02-3235-0','2012-01-01','1000','1','0','7 y 8 en 2008 se publicó: \"las olimpiadas de matemáticas en San Luis Potosí, 1987-2005\".'),(118,'978-970-32-5428-6','2015-01-15','1000','1','5',''),(119,'978-607-02-1710-4','2013-06-14','1000','1','1',''),(120,'978-607-02-1709-8','2010-01-01','1000','1','0',''),(121,'978-607-02-1810-1','2010-01-01','1000','1','0',''),(122,'978-607-02-5139-9','2014-02-15','1000','2','0',''),(123,'978-607-02-5580-9','2013-06-30','1000','2','0',''),(124,'970-32-2788-0','2005-06-01','1000','1','0',''),(125,'968-36-3531-8','1994-12-01','500','1','0',''),(126,'970-32-0720-0','2003-04-01','500','1','0',''),(127,'978-607-02-0945-1','2009-11-01','1000','1','0',''),(128,'970-10-1904-0','1998-01-01','200','1','0',''),(129,'N/A','1975-01-01','','1','0',''),(130,'N/A','1975-01-01','','1','0',''),(131,'N/A','1976-01-01','','1','0',''),(132,'N/A','1977-01-01','','1','0',''),(133,'N/A','1977-01-01','','1','0',''),(134,'N/A','1978-01-01','','1','0',''),(135,'N/A','1979-01-01','','1','0',''),(136,'N/A','1979-01-01','','1','0',''),(137,'N/A','1981-01-01','','1','0',''),(138,'N/A','1981-01-01','','1','0',''),(139,'N/A','1982-01-01','','1','0',''),(140,'N/A','1982-01-01','','1','0',''),(141,'N/A','1983-01-01','','1','0',''),(142,'N/A','1983-01-01','','1','0',''),(143,'N/A','1984-01-01','','1','0',''),(144,'968-36-4629-8','2004-01-01','300','2','1',''),(144,'N/A','1985-01-01','','1','0',''),(144,'N/A','1989-01-01','','2','0',''),(145,'N/A','1986-01-01','','1','0',''),(146,'N/A','1986-01-01','','1','0',''),(147,'N/A','1988-01-01','','1','0',''),(148,'968-36-4629-8','2004-01-01','300','2','1',''),(148,'N/A','1985-01-01','','1','0',''),(148,'N/A','1989-01-01','','2','0',''),(149,'N/A','1989-01-01','','1','0',''),(150,'N/A','1989-01-01','','1','0',''),(151,'N/A','1990-01-01','','1','0',''),(152,'978-607-02-5151-1','2014-02-20','200','1','0',''),(153,'978-607-02-6382-8','2015-02-27','500','1','0',''),(154,'978-607-02-9828-8','2017-12-20','1000','1','0',''),(155,'978-607-02-9845-5','2017-11-20','500','1','0','Sólo se vende junto con el segundo volumen.'),(156,'978-607-02-9846-2','2017-11-20','500','1','0','Sólo se vende junto con el primer volumen.'),(157,'978-607-02-5150-4','2014-02-20','200','1','0',''),(158,'978-607-02-6850-2','2015-06-15','500','1','0',''),(159,'970-32-0754-5','2003-01-01','500','1','0',''),(159,'978-607-02-6387-3','2015-02-16','500','1','0',''),(160,'978-607-02-7814-3','2016-05-16','500','1','0',''),(161,'978-607-02-8836-4','2017-03-16','500','1','0',''),(162,'978-607-02-8824-1','2017-03-16','500','1','0',''),(163,'978-607-02-9865-3','2017-11-16','500','1','0',''),(164,'978-968-36-9888-9','2009-03-01','500','2','1',''),(165,'978-968-36-9889-6','2008-04-01','500','1','1',''),(166,'978-968-36-9890-2','2011-02-28','300','1','2',''),(167,'970-32-2089-4','2004-09-01','500','1','0','Edición agotada. '),(168,'970-32-3106-3','2006-02-01','1000','1','0',''),(169,'970-32-4349-5','2007-02-01','1000','1','0',''),(170,'978-970-32-5342-5','2008-11-01','500','1','0','');
/*!40000 ALTER TABLE `versiones` ENABLE KEYS */;
UNLOCK TABLES;
/*!40103 SET TIME_ZONE=@OLD_TIME_ZONE */;

/*!40101 SET SQL_MODE=@OLD_SQL_MODE */;
/*!40014 SET FOREIGN_KEY_CHECKS=@OLD_FOREIGN_KEY_CHECKS */;
/*!40014 SET UNIQUE_CHECKS=@OLD_UNIQUE_CHECKS */;
/*!40101 SET CHARACTER_SET_CLIENT=@OLD_CHARACTER_SET_CLIENT */;
/*!40101 SET CHARACTER_SET_RESULTS=@OLD_CHARACTER_SET_RESULTS */;
/*!40101 SET COLLATION_CONNECTION=@OLD_COLLATION_CONNECTION */;
/*!40111 SET SQL_NOTES=@OLD_SQL_NOTES */;

-- Dump completed on 2019-08-02  3:08:12
